open_time,open,high,low,close,volume,close_time,quote_volume,trade_count,taker_buy_base_volume,taker_buy_quote_volume,ignore
2026-06-01 16:00:00+00:00,71129.62,71800.73,70686.68,71595.24,4920.23395,2026-06-01 19:59:59.999000+00:00,350869050.9,715031,2929.7566,208974645.8,0
2026-06-01 20:00:00+00:00,71595.24,71690,70840.9,71408.9,2215.84338,2026-06-01 23:59:59.999000+00:00,157944073.7,482116,1161.02712,82755211.95,0
2026-06-02 00:00:00+00:00,71408.9,71408.9,70111,70953.69,3525.64758,2026-06-02 03:59:59.999000+00:00,249850079.2,740992,1559.31579,110517766.7,0
2026-06-02 04:00:00+00:00,70953.7,71048,69733,70118.42,4217.43297,2026-06-02 07:59:59.999000+00:00,296424153.2,754037,1998.90357,140518351.9,0
2026-06-02 08:00:00+00:00,70118.42,70172,69324.65,69461.72,3766.33037,2026-06-02 11:59:59.999000+00:00,262275224.7,710514,1750.71972,121890360.3,0
2026-06-02 12:00:00+00:00,69461.73,69548.13,67076,67304.28,9534.68154,2026-06-02 15:59:59.999000+00:00,651185416.5,1597097,4370.37942,298518926.6,0
2026-06-02 16:00:00+00:00,67304.29,68146.3,66432,67315.14,5955.1383,2026-06-02 19:59:59.999000+00:00,401049257.9,1144705,2924.41178,197135870.2,0
2026-06-02 20:00:00+00:00,67315.14,67923.24,66193,66760.83,5858.9651,2026-06-02 23:59:59.999000+00:00,392564446.4,1303332,3071.76122,205861206.2,0
2026-06-03 00:00:00+00:00,66760.84,67204.15,65426.34,65849.9,5876.92165,2026-06-03 03:59:59.999000+00:00,390273983.9,1076017,2665.29964,177241710.6,0
2026-06-03 04:00:00+00:00,65849.9,67516,65834,67220.03,5699.32885,2026-06-03 07:59:59.999000+00:00,381781195.6,994422,3264.69518,218641622,0
2026-06-03 08:00:00+00:00,67220.03,67476.69,66656.48,67067.37,3840.69634,2026-06-03 11:59:59.999000+00:00,257706710,737079,2058.94618,138159377.4,0
2026-06-03 12:00:00+00:00,67067.37,67244.62,66076,66076.01,4537.71513,2026-06-03 15:59:59.999000+00:00,302861716.1,1390646,2184.60385,145835231.6,0
2026-06-03 16:00:00+00:00,66076.01,66373.18,65251,65462,4242.73831,2026-06-03 19:59:59.999000+00:00,279402457.3,1109866,1923.9415,126751446.1,0
2026-06-03 20:00:00+00:00,65461.99,65860,64092.49,64142.75,5940.90622,2026-06-03 23:59:59.999000+00:00,386323919,1368328,2469.80937,160738209.9,0
2026-06-04 00:00:00+00:00,64142.75,64540.3,61383.56,64363.49,16957.23407,2026-06-04 03:59:59.999000+00:00,1069265096,2410925,7116.70183,449251348.1,0
2026-06-04 04:00:00+00:00,64363.49,64764.32,63492.89,63603.15,5000.68767,2026-06-04 07:59:59.999000+00:00,320591861.7,1036545,2391.49077,153314641.7,0
2026-06-04 08:00:00+00:00,63603.15,63904.63,62205,62545.99,8595.49118,2026-06-04 11:59:59.999000+00:00,540467807.7,1698955,4182.08908,262872611,0
2026-06-04 12:00:00+00:00,62546,64494.92,62392,63896.17,6185.98937,2026-06-04 15:59:59.999000+00:00,394325488.2,1831681,3185.14504,203028201.3,0
2026-06-04 16:00:00+00:00,63896.16,64163.93,62944.91,63629.38,3723.72569,2026-06-04 19:59:59.999000+00:00,236942600.7,1155303,1937.30569,123297848.9,0
2026-06-04 20:00:00+00:00,63629.38,63918,63106.04,63885.99,3114.04773,2026-06-04 23:59:59.999000+00:00,197756878.8,924567,1360.09263,86377214.1,0
2026-06-05 00:00:00+00:00,63885.99,63978,62339,62730,4162.99809,2026-06-05 03:59:59.999000+00:00,262536010.1,1225987,1867.84777,117847753.7,0
2026-06-05 04:00:00+00:00,62730,63688,61126.01,63115.99,10733.42354,2026-06-05 07:59:59.999000+00:00,668376397.1,2270535,5037.18423,314024701.9,0
2026-06-05 08:00:00+00:00,63115.99,63259.9,61964.98,61964.99,4297.16406,2026-06-05 11:59:59.999000+00:00,269110992.2,1142388,2100.27124,131586739.8,0
2026-06-05 12:00:00+00:00,61964.99,62457.86,60000,60438.01,14801.01342,2026-06-05 15:59:59.999000+00:00,903329436,2679839,5908.58996,361167716.2,0
2026-06-05 16:00:00+00:00,60438,61547.24,59130.91,60300.24,13747.59231,2026-06-05 19:59:59.999000+00:00,828648361.5,2680737,6282.36544,379034019.9,0
2026-06-05 20:00:00+00:00,60300.24,62000,59940.01,61056.47,7285.09665,2026-06-05 23:59:59.999000+00:00,447020553.7,1659370,3683.25911,226021140,0
2026-06-06 00:00:00+00:00,61056.47,61530.05,60520,60687.04,2945.07914,2026-06-06 03:59:59.999000+00:00,179762223.7,973252,1451.16517,88591511.45,0
2026-06-06 04:00:00+00:00,60687.05,61276.95,59500,61004.95,7062.57386,2026-06-06 07:59:59.999000+00:00,427756115.8,1567097,3239.58489,196118168.1,0
2026-06-06 08:00:00+00:00,61004.95,61500,60198,60802.91,3473.55766,2026-06-06 11:59:59.999000+00:00,211333241,817667,1647.68117,100298616.1,0
2026-06-06 12:00:00+00:00,60802.9,61185.26,60396,60784,2291.49519,2026-06-06 15:59:59.999000+00:00,139417012.3,717560,1174.84755,71493870.05,0
2026-06-06 16:00:00+00:00,60784.01,60971.24,60393.96,60600.01,2446.99506,2026-06-06 19:59:59.999000+00:00,148359633.6,534622,1079.45478,65479278.15,0
2026-06-06 20:00:00+00:00,60600,61000,60429.09,60884.62,1575.88786,2026-06-06 23:59:59.999000+00:00,95697732.09,390676,880.82565,53499742.02,0
2026-06-07 00:00:00+00:00,60884.62,61778.33,60746,61701.07,2959.18911,2026-06-07 03:59:59.999000+00:00,181385716.2,709548,1574.63964,96548566.19,0
2026-06-07 04:00:00+00:00,61701.06,62416.26,61482.46,62404.73,4903.20395,2026-06-07 07:59:59.999000+00:00,304023070.2,740026,2452.76045,152085877.8,0
2026-06-07 08:00:00+00:00,62404.72,62960,62259.37,62621.96,4723.06235,2026-06-07 11:59:59.999000+00:00,295560305.1,725358,2672.40616,167216763.4,0
2026-06-07 12:00:00+00:00,62621.97,62643.97,61577.12,62093.99,4554.1389,2026-06-07 15:59:59.999000+00:00,282015239.2,947743,1854.57725,114842253.7,0
2026-06-07 16:00:00+00:00,62093.99,62332,61184,61328,2477.20723,2026-06-07 19:59:59.999000+00:00,153321370.3,627720,1038.74666,64285345.19,0
2026-06-07 20:00:00+00:00,61327.99,64234.68,61217.17,63332.01,6995.30289,2026-06-07 23:59:59.999000+00:00,440345071.9,1002066,4563.18051,287511911.3,0
2026-06-08 00:00:00+00:00,63332.01,63863.06,62720.86,63130.12,3315.4618,2026-06-08 03:59:59.999000+00:00,209776019.1,951227,1710.27381,108302606.6,0
2026-06-08 04:00:00+00:00,63130.12,63350,62408,63283.99,2834.18452,2026-06-08 07:59:59.999000+00:00,178355729.2,746526,1346.51738,84761449.34,0
2026-06-08 08:00:00+00:00,63284,63873.08,62992.01,63479.61,3752.47446,2026-06-08 11:59:59.999000+00:00,237868671.2,730155,1930.39841,122412778.1,0
2026-06-08 12:00:00+00:00,63479.62,64200,62718.3,63774.48,8126.80733,2026-06-08 15:59:59.999000+00:00,517711748.4,1316931,3947.53832,251641984.1,0
2026-06-08 16:00:00+00:00,63774.48,64046.86,63268.01,63372.01,2713.14128,2026-06-08 19:59:59.999000+00:00,172421648.3,623074,1359.44546,86382265.18,0
2026-06-08 20:00:00+00:00,63372.01,63850,62978.66,63085.99,2311.31685,2026-06-08 23:59:59.999000+00:00,146429470.5,519651,933.82268,59183418.83,0
2026-06-09 00:00:00+00:00,63086,63184,62423.07,62875.17,3759.28744,2026-06-09 03:59:59.999000+00:00,235865848.2,700766,2007.9086,125976239.6,0
2026-06-09 04:00:00+00:00,62875.18,63526.01,62748,63198.44,3708.0084,2026-06-09 07:59:59.999000+00:00,234535665.1,551428,1791.43736,113284583.5,0
2026-06-09 08:00:00+00:00,63198.44,63208.86,62498.75,62711.12,2528.63515,2026-06-09 11:59:59.999000+00:00,158742223,465050,1086.62702,68204795.28,0
2026-06-09 12:00:00+00:00,62711.12,62895.18,61037,61131.84,6183.44756,2026-06-09 15:59:59.999000+00:00,382417752.6,1260536,2794.09819,172763302.7,0
2026-06-09 16:00:00+00:00,61131.85,62103.39,60780,62098.09,4007.5249,2026-06-09 19:59:59.999000+00:00,246053601.5,963025,2016.61694,123921642.3,0
2026-06-09 20:00:00+00:00,62098.09,62272,61556,61730,1449.31614,2026-06-09 23:59:59.999000+00:00,89706958.82,406527,660.54833,40886776.22,0
2026-06-10 00:00:00+00:00,61730,61974.7,61235.29,61549.64,1721.50899,2026-06-10 03:59:59.999000+00:00,106045624.8,592207,745.74,45945104.83,0
2026-06-10 04:00:00+00:00,61549.64,61813.34,61080,61687.56,2220.41887,2026-06-10 07:59:59.999000+00:00,136484341.6,480520,1089.94681,66999691.99,0
2026-06-10 08:00:00+00:00,61687.56,61736,60755,61034.04,2813.24386,2026-06-10 11:59:59.999000+00:00,172223607.2,735601,1170.91312,71697976.04,0
2026-06-10 12:00:00+00:00,61034.04,62857.99,60960,62639.23,4783.79909,2026-06-10 15:59:59.999000+00:00,296352226,1335269,2510.37559,155463427.6,0
2026-06-10 16:00:00+00:00,62639.23,62646,61588.8,61942.44,2675.36915,2026-06-10 19:59:59.999000+00:00,165886486.2,900048,1356.70956,84103739.43,0
2026-06-10 20:00:00+00:00,61942.45,61949.21,61104.24,61510.99,1784.37656,2026-06-10 23:59:59.999000+00:00,109718597.8,612041,840.90983,51698715.52,0
2026-06-11 00:00:00+00:00,61510.99,62848,61510.99,62689.48,2852.15258,2026-06-11 03:59:59.999000+00:00,177317145.8,609797,1708.81157,106243021.1,0
2026-06-11 04:00:00+00:00,62689.47,62997.53,62544.89,62719.39,2483.01428,2026-06-11 07:59:59.999000+00:00,155847166.2,451403,1031.01125,64708611.65,0
2026-06-11 08:00:00+00:00,62719.39,63257.21,62719.38,63108,2178.0981,2026-06-11 11:59:59.999000+00:00,137213592.4,382423,1278.05381,80526059.05,0
2026-06-11 12:00:00+00:00,63108.01,63239.43,62500,62749.44,4338.30998,2026-06-11 15:59:59.999000+00:00,272726925.3,910921,1945.11729,122300894.6,0
2026-06-11 16:00:00+00:00,62749.44,63933.02,62348,63605.68,4125.82489,2026-06-11 19:59:59.999000+00:00,260979936.1,792771,2248.65982,142264329.7,0
2026-06-11 20:00:00+00:00,63605.69,63700,63270,63625.99,1403.54659,2026-06-11 23:59:59.999000+00:00,89127100.59,299488,763.83992,48516132.37,0
2026-06-12 00:00:00+00:00,63626,63810.01,63301.53,63524.82,2654.11007,2026-06-12 03:59:59.999000+00:00,168727450.1,351019,1643.11525,104477137.9,0
2026-06-12 04:00:00+00:00,63524.81,63863.98,62829.81,63100.8,3225.69245,2026-06-12 07:59:59.999000+00:00,204092793.5,438376,1619.65285,102492062.5,0
2026-06-12 08:00:00+00:00,63100.8,63953.84,63100.8,63766.01,2378.6864,2026-06-12 11:59:59.999000+00:00,151435133.2,452201,1097.36398,69841008.36,0
2026-06-12 12:00:00+00:00,63766.01,64394.44,63045.29,63593.02,4102.13697,2026-06-12 15:59:59.999000+00:00,261375415.3,1024713,2047.41186,130485792.5,0
2026-06-12 16:00:00+00:00,63593.02,64111.1,63510.16,63589.27,2256.79665,2026-06-12 19:59:59.999000+00:00,144000810.9,593615,1039.75557,66353711.96,0
2026-06-12 20:00:00+00:00,63589.28,63696.41,63400,63580.01,1779.62986,2026-06-12 23:59:59.999000+00:00,113029909.7,294128,926.57282,58848683.42,0
2026-06-13 00:00:00+00:00,63580,63840,63418.66,63532,1807.91855,2026-06-13 03:59:59.999000+00:00,115050572.3,236410,940.63063,59874931.47,0
2026-06-13 04:00:00+00:00,63532,63883.47,63484,63846,1539.29828,2026-06-13 07:59:59.999000+00:00,97970733.7,219856,856.28804,54506786.43,0
2026-06-13 08:00:00+00:00,63845.99,63984.53,63726.57,63971.28,1197.2171,2026-06-13 11:59:59.999000+00:00,76452837.3,200969,646.98109,41319334.95,0
2026-06-13 12:00:00+00:00,63971.28,64350,63921.33,64296.15,2169.16248,2026-06-13 15:59:59.999000+00:00,139129588.6,290447,1227.56477,78727122.02,0
2026-06-13 16:00:00+00:00,64296.15,64333.62,63920.05,64296.59,1609.94419,2026-06-13 19:59:59.999000+00:00,103193467.8,294404,743.5407,47672898.11,0
2026-06-13 20:00:00+00:00,64296.59,64762.77,64226.38,64458.01,1637.20103,2026-06-13 23:59:59.999000+00:00,105504850.9,246923,911.34395,58732329.18,0
2026-06-14 00:00:00+00:00,64458.01,64710,64380.7,64545.3,1832.15643,2026-06-14 03:59:59.999000+00:00,118257180.3,214748,1009.34031,65142146.39,0
2026-06-14 04:00:00+00:00,64545.3,64563.48,64214,64429.39,1779.79489,2026-06-14 07:59:59.999000+00:00,114525085.7,195396,732.55942,47144005.91,0
2026-06-14 08:00:00+00:00,64429.39,64664,64321.18,64546,842.29439,2026-06-14 11:59:59.999000+00:00,54340916.33,165992,429.13661,27692881.25,0
2026-06-14 12:00:00+00:00,64546.01,64560.66,63866.66,64025.07,1790.92239,2026-06-14 15:59:59.999000+00:00,114931524.1,315826,832.5393,53429481.32,0
2026-06-14 16:00:00+00:00,64025.06,64208.92,63678.83,63802,1240.64937,2026-06-14 19:59:59.999000+00:00,79253327.66,248701,436.49793,27887188.68,0
2026-06-14 20:00:00+00:00,63801.99,65800,63794.09,65746.45,5717.21628,2026-06-14 23:59:59.999000+00:00,372346505.1,920238,3525.97245,229547976.8,0
2026-06-15 00:00:00+00:00,65746.45,65995,65354,65927.1,3254.30382,2026-06-15 03:59:59.999000+00:00,213639448.3,532026,1515.41478,99520422.8,0
2026-06-15 04:00:00+00:00,65927.11,66000,65611.01,65674.76,1981.09056,2026-06-15 07:59:59.999000+00:00,130283728.8,313310,965.90436,63517717.98,0
2026-06-15 08:00:00+00:00,65674.76,66385.12,65512,66233.9,2545.824,2026-06-15 11:59:59.999000+00:00,167896880.9,444412,1229.463,81063878.23,0
2026-06-15 12:00:00+00:00,66233.89,67292.15,66106,67292.14,5314.33714,2026-06-15 15:59:59.999000+00:00,354187932.5,752142,2795.87895,186392204.3,0
2026-06-15 16:00:00+00:00,67292.15,67292.15,66348,66614.35,3808.29082,2026-06-15 19:59:59.999000+00:00,254771827.1,642459,1581.91921,105823381.4,0
2026-06-15 20:00:00+00:00,66615.98,66681.3,66076.56,66328.74,1655.95468,2026-06-15 23:59:59.999000+00:00,109895423,456145,738.74373,49035217.23,0
2026-06-16 00:00:00+00:00,66328.74,66463.26,65650,66165.21,2681.099,2026-06-16 03:59:59.999000+00:00,177184246.9,433781,1225.11725,80953747.56,0
2026-06-16 04:00:00+00:00,66165.21,66572.99,65802,66372,2376.27499,2026-06-16 07:59:59.999000+00:00,157212192.8,358612,1312.88168,86877824.55,0
2026-06-16 08:00:00+00:00,66372,66992,66345.06,66481.73,2144.18658,2026-06-16 11:59:59.999000+00:00,142798141.4,478161,1081.33227,72021296.89,0
2026-06-16 12:00:00+00:00,66481.73,66818,65360.92,65859.76,4190.74899,2026-06-16 15:59:59.999000+00:00,276467865.8,946351,1662.97689,109728200.8,0
2026-06-16 16:00:00+00:00,65859.76,66248.69,65560,65675.88,1862.21148,2026-06-16 19:59:59.999000+00:00,122574589.6,487569,915.65995,60290810.26,0
2026-06-16 20:00:00+00:00,65675.89,65938,65592,65675.01,1047.53697,2026-06-16 23:59:59.999000+00:00,68888147.78,260155,511.63315,33647374.44,0
2026-06-17 00:00:00+00:00,65675.02,66200,65477.5,65851.99,2420.24,2026-06-17 03:59:59.999000+00:00,159334427.2,383821,1258.29437,82851324.41,0
2026-06-17 04:00:00+00:00,65852,66048.19,65251,65539.5,2085.47507,2026-06-17 07:59:59.999000+00:00,137031246.9,304083,938.09887,61659925.78,0
2026-06-17 08:00:00+00:00,65539.51,65574,64565,64810.01,3091.21134,2026-06-17 11:59:59.999000+00:00,200746666.5,484154,1460.08236,94800434.28,0
2026-06-17 12:00:00+00:00,64810.01,65855.66,64590.53,65752,3491.08992,2026-06-17 15:59:59.999000+00:00,227701989.2,786310,1876.8444,122432079,0
2026-06-17 16:00:00+00:00,65751.99,66445.93,63998.35,64301.85,6215.6405,2026-06-17 19:59:59.999000+00:00,405874457.8,1426872,2941.72107,192146847.3,0
2026-06-17 20:00:00+00:00,64301.85,64529.2,63915.77,64509.4,1744.99726,2026-06-17 23:59:59.999000+00:00,112209760.4,547883,869.26701,55904981.98,0
2026-06-18 00:00:00+00:00,64509.4,64806,64267.86,64282.82,1652.26355,2026-06-18 03:59:59.999000+00:00,106673009.8,391675,873.6074,56402475.94,0
2026-06-18 04:00:00+00:00,64282.82,64510.5,63696.29,64510.44,2721.52451,2026-06-18 07:59:59.999000+00:00,174258357.1,514280,1285.11966,82306529.08,0
2026-06-18 08:00:00+00:00,64510.45,64646.75,63878.14,63974.4,1838.10092,2026-06-18 11:59:59.999000+00:00,118105000.9,390224,705.83539,45338841.45,0
2026-06-18 12:00:00+00:00,63974.4,64445.19,62293.76,62369.44,5194.48784,2026-06-18 15:59:59.999000+00:00,329845328.8,1121258,2406.17033,152963452.2,0
2026-06-18 16:00:00+00:00,62369.43,63008.33,62272.07,62950.79,3580.0956,2026-06-18 19:59:59.999000+00:00,224360442.9,780414,1874.57102,117481760.5,0
2026-06-18 20:00:00+00:00,62950.79,63274.19,62742,62958.01,1949.12419,2026-06-18 23:59:59.999000+00:00,122773241.6,376080,1003.35872,63200521.91,0
2026-06-19 00:00:00+00:00,62958.01,63110.29,62386.9,62773.51,2468.91953,2026-06-19 03:59:59.999000+00:00,155247582.8,396596,1110.50714,69854443.4,0
2026-06-19 04:00:00+00:00,62773.52,62917.32,62409.55,62629.99,1641.95094,2026-06-19 07:59:59.999000+00:00,102889549.6,403487,895.08825,56087419.37,0
2026-06-19 08:00:00+00:00,62630,62782,62316.44,62626,3116.66446,2026-06-19 11:59:59.999000+00:00,194868847,423552,1394.84294,87205330.18,0
2026-06-19 12:00:00+00:00,62626,63419.27,62353,63214.01,2901.51359,2026-06-19 15:59:59.999000+00:00,182844281.1,678126,1443.70693,90946223.98,0
2026-06-19 16:00:00+00:00,63214.01,63387.8,62866.99,63021.6,2487.59549,2026-06-19 19:59:59.999000+00:00,157065336.3,485506,1118.438,70636025.61,0
2026-06-19 20:00:00+00:00,63021.6,63666,62958.59,63543.91,1630.77999,2026-06-19 23:59:59.999000+00:00,103187356,284651,746.62638,47252085.74,0
2026-06-20 00:00:00+00:00,63543.9,63777,63320.14,63476.79,1616.55782,2026-06-20 03:59:59.999000+00:00,102658991.7,312607,778.74616,49457674.23,0
2026-06-20 04:00:00+00:00,63476.79,63907.07,63402,63655.21,1346.24836,2026-06-20 07:59:59.999000+00:00,85743670.8,267883,704.27436,44861152.04,0
2026-06-20 08:00:00+00:00,63655.21,63798.76,63392.41,63688,1481.37623,2026-06-20 11:59:59.999000+00:00,94207746.81,230181,682.3584,43398238.92,0
2026-06-20 12:00:00+00:00,63688,64388,63184.21,64160.04,2723.36068,2026-06-20 15:59:59.999000+00:00,173712718.3,540585,1444.96909,92227634.49,0
2026-06-20 16:00:00+00:00,64160.04,64167.26,63730.21,63936,1179.02142,2026-06-20 19:59:59.999000+00:00,75371411.36,354415,539.82135,34513012.85,0
2026-06-20 20:00:00+00:00,63935.99,64350,63853.31,64298.01,1175.53873,2026-06-20 23:59:59.999000+00:00,75382672.78,264410,519.68943,33338987.09,0
2026-06-21 00:00:00+00:00,64298.01,64472.99,64206.17,64426,1550.54505,2026-06-21 03:59:59.999000+00:00,99682480.49,207280,720.29969,46321100.11,0
2026-06-21 04:00:00+00:00,64426,64588,64173.08,64191.07,991.47913,2026-06-21 07:59:59.999000+00:00,63777133.93,192899,473.11094,30442364.02,0
2026-06-21 08:00:00+00:00,64191.06,64483.95,63900.17,64176,1273.61935,2026-06-21 11:59:59.999000+00:00,81766315.41,278849,626.37718,40229066.5,0
2026-06-21 12:00:00+00:00,64176,64355.88,63952,64224,1101.09932,2026-06-21 15:59:59.999000+00:00,70627900.61,261322,575.16175,36897153.04,0
2026-06-21 16:00:00+00:00,64224,64298.84,63933.47,64207.12,902.04873,2026-06-21 19:59:59.999000+00:00,57873813.44,250295,464.74284,29817767.75,0
2026-06-21 20:00:00+00:00,64207.13,64271.21,63270,63311.99,2215.87175,2026-06-21 23:59:59.999000+00:00,141134531.9,577649,973.44142,61995458,0
2026-06-22 00:00:00+00:00,63312,64823.52,63312,63974.01,3208.60773,2026-06-22 03:59:59.999000+00:00,206085227.8,769958,1703.2157,109367651.1,0
2026-06-22 04:00:00+00:00,63974.01,64397.57,63868.41,64211.19,2188.39984,2026-06-22 07:59:59.999000+00:00,140435032.8,384238,1126.29106,72285434.13,0
2026-06-22 08:00:00+00:00,64211.2,64768.46,64044,64657.22,1871.87312,2026-06-22 11:59:59.999000+00:00,120460631.5,445403,990.76166,63769902.28,0
2026-06-22 12:00:00+00:00,64657.22,65622.83,64579.08,64836.95,4214.1224,2026-06-22 15:59:59.999000+00:00,274338559.7,943073,2231.38119,145271416.9,0
2026-06-22 16:00:00+00:00,64836.95,64862,64276,64472,2332.89568,2026-06-22 19:59:59.999000+00:00,150577681.1,552327,854.54358,55174978.89,0
2026-06-22 20:00:00+00:00,64472.51,64659.43,63804.59,64020.01,1607.20974,2026-06-22 23:59:59.999000+00:00,103137424.3,426338,771.33966,49485311.4,0
2026-06-23 00:00:00+00:00,64020.01,64275.38,63828.93,64065.35,1775.89841,2026-06-23 03:59:59.999000+00:00,113810463.3,412000,963.90539,61769670.55,0
2026-06-23 04:00:00+00:00,64065.34,64095.55,62568.9,62886.03,3954.74479,2026-06-23 07:59:59.999000+00:00,249769578.9,654352,1656.75324,104543838.6,0
2026-06-23 08:00:00+00:00,62886.04,62945.08,61938,62507.06,6446.41259,2026-06-23 11:59:59.999000+00:00,402018362.6,664184,2442.3263,152289432.3,0
2026-06-23 12:00:00+00:00,62507.05,62855.98,61960,62487.79,4100.47989,2026-06-23 15:59:59.999000+00:00,255890735.7,946398,1894.2998,118224527.7,0
2026-06-23 16:00:00+00:00,62487.79,62846,62104.7,62388.49,2461.76341,2026-06-23 19:59:59.999000+00:00,153768837.4,580044,1214.83572,75920236.64,0
2026-06-23 20:00:00+00:00,62388.49,62799.99,62380.25,62734.57,1483.69383,2026-06-23 23:59:59.999000+00:00,92835243.38,369212,941.14695,58885922.98,0
2026-06-24 00:00:00+00:00,62734.57,63119.45,62461.87,62729.78,2762.4008,2026-06-24 03:59:59.999000+00:00,173503244.6,524761,1384.95763,86999525.16,0
2026-06-24 04:00:00+00:00,62729.78,63073.44,62525.49,62657.99,1825.36336,2026-06-24 07:59:59.999000+00:00,114538754.2,343629,869.10988,54539391.29,0
2026-06-24 08:00:00+00:00,62658,63239.06,62318.88,62921.19,2314.92971,2026-06-24 11:59:59.999000+00:00,145076269.8,470650,1277.25413,80045126.25,0
2026-06-24 12:00:00+00:00,62921.19,62973.2,60249.82,60250,9369.88622,2026-06-24 15:59:59.999000+00:00,573692749.8,1507424,4243.54084,259684789.6,0
2026-06-24 16:00:00+00:00,60250,60678.1,59102.7,59958.3,10843.6224,2026-06-24 19:59:59.999000+00:00,648464613,1716720,4874.63052,291609263.2,0
2026-06-24 20:00:00+00:00,59958.3,61276,59854,61077.99,3562.08294,2026-06-24 23:59:59.999000+00:00,216610183,804347,1801.9614,109535995,0
2026-06-25 00:00:00+00:00,61078,61163.16,60684.94,60883.65,2441.96666,2026-06-25 03:59:59.999000+00:00,148617037.7,488365,1286.89158,78325445.14,0
2026-06-25 04:00:00+00:00,60883.66,61962.4,60792,61911.04,3236.44626,2026-06-25 07:59:59.999000+00:00,199336748.6,585612,1792.57753,110375492.3,0
2026-06-25 08:00:00+00:00,61911.03,61920,61066,61282.01,1957.14848,2026-06-25 11:59:59.999000+00:00,120376027.9,397068,927.34829,57042676.01,0
2026-06-25 12:00:00+00:00,61282,61761.35,58115.01,59557.99,15979.29296,2026-06-25 15:59:59.999000+00:00,950943210.8,2405299,7129.72909,424485511.1,0
2026-06-25 16:00:00+00:00,59557.99,60067,59139.96,59320,4724.02547,2026-06-25 19:59:59.999000+00:00,281118401.7,1200956,2194.78081,130645915.7,0
2026-06-25 20:00:00+00:00,59319.99,60273.81,59319.99,59794,2047.12711,2026-06-25 23:59:59.999000+00:00,122462673.3,605975,1074.82622,64294957.47,0
2026-06-26 00:00:00+00:00,59794.64,60131.37,58337,60036.01,6229.08405,2026-06-26 03:59:59.999000+00:00,368451215.4,1223525,3012.6433,178291906.3,0
2026-06-26 04:00:00+00:00,60036,60759.99,59702,60532,5385.16495,2026-06-26 07:59:59.999000+00:00,324265183.4,866194,3141.58261,189231485.2,0
2026-06-26 08:00:00+00:00,60532,60580,59239.78,59413.24,3735.38397,2026-06-26 11:59:59.999000+00:00,223309628.6,807589,1468.82916,87916105.66,0
2026-06-26 12:00:00+00:00,59413.24,60500,58500.1,60328.32,7768.84215,2026-06-26 15:59:59.999000+00:00,462960390.9,1875169,3865.04614,230602793.9,0
2026-06-26 16:00:00+00:00,60328.18,60583,59556,59751.97,2887.79333,2026-06-26 19:59:59.999000+00:00,173431799.1,854765,1600.44625,96156571.48,0
2026-06-26 20:00:00+00:00,59751.96,60117.64,59571.31,60097.27,1397.28878,2026-06-26 23:59:59.999000+00:00,83683841.02,391892,818.94291,49054098.38,0
2026-06-27 00:00:00+00:00,60097.27,60412,59876.22,60305.73,1740.1281,2026-06-27 03:59:59.999000+00:00,104716833,306723,1091.61467,65710216.38,0
2026-06-27 04:00:00+00:00,60305.73,60574,60093.33,60548.07,2155.72828,2026-06-27 07:59:59.999000+00:00,130094666.6,266760,1098.21029,66267447.12,0
2026-06-27 08:00:00+00:00,60548.06,60548.74,60198.94,60363.65,1191.76765,2026-06-27 11:59:59.999000+00:00,71997666.25,219343,611.22112,36930645.55,0
2026-06-27 12:00:00+00:00,60363.65,60941.17,60257.03,60840.06,1696.07546,2026-06-27 15:59:59.999000+00:00,102775288.2,334232,917.74311,55614703.49,0
2026-06-27 16:00:00+00:00,60840.06,60855.03,60085.88,60175.95,1431.99252,2026-06-27 19:59:59.999000+00:00,86663415.57,332446,683.31136,41363072.97,0
2026-06-27 20:00:00+00:00,60175.95,60482.18,59855.16,60029,1371.53715,2026-06-27 23:59:59.999000+00:00,82517393.5,303912,665.82595,40065104.74,0
2026-06-28 00:00:00+00:00,60029.01,60339.99,59986,60197.04,1389.16748,2026-06-28 03:59:59.999000+00:00,83574227.86,209442,708.98469,42655954.64,0
2026-06-28 04:00:00+00:00,60197.03,60259.68,59753.48,60219.99,1116.37628,2026-06-28 07:59:59.999000+00:00,67045001.29,239579,563.41852,33843162.81,0
2026-06-28 08:00:00+00:00,60220,60545.01,60068,60342,1120.25594,2026-06-28 11:59:59.999000+00:00,67538204.82,274458,589.84647,35567519.8,0
2026-06-28 12:00:00+00:00,60341.99,60457.02,59817.28,59890,1367.98594,2026-06-28 15:59:59.999000+00:00,82205664.86,386310,635.15572,38171445.38,0
2026-06-28 16:00:00+00:00,59890.35,59943.9,59270.26,59481.79,1660.7754,2026-06-28 19:59:59.999000+00:00,99019017.18,496013,757.82732,45185510.25,0
2026-06-28 20:00:00+00:00,59481.78,59906,58905,59577.01,2252.57692,2026-06-28 23:59:59.999000+00:00,133951104.8,693430,1035.41316,61618297.48,0
2026-06-29 00:00:00+00:00,59577.01,60233,58900.01,60049.46,3201.11997,2026-06-29 03:59:59.999000+00:00,190794022.1,914573,1677.02307,99994738.25,0
2026-06-29 04:00:00+00:00,60049.45,60346.27,59392.02,60026,2078.32745,2026-06-29 07:59:59.999000+00:00,124665585.7,563206,956.56694,57379510.09,0
2026-06-29 08:00:00+00:00,60026.01,60311.95,59745.46,59956.05,2255.33546,2026-06-29 11:59:59.999000+00:00,135305799.5,567816,1116.35097,66967190.77,0
2026-06-29 12:00:00+00:00,59956.05,60780.57,59011,59824.01,8111.4911,2026-06-29 15:59:59.999000+00:00,485006010,1726719,4085.86423,244518323.7,0
2026-06-29 16:00:00+00:00,59824.01,60683.84,59584.48,60433.49,3485.29528,2026-06-29 19:59:59.999000+00:00,210169564,776645,1968.7934,118756487.9,0
2026-06-29 20:00:00+00:00,60433.5,60585.99,60194.01,60260.21,1071.57252,2026-06-29 23:59:59.999000+00:00,64707256.5,335377,529.56366,31978997.78,0
2026-06-30 00:00:00+00:00,60260.2,60276.54,59600,59627.48,1857.16279,2026-06-30 03:59:59.999000+00:00,111291269.7,457317,860.70745,51580432.43,0
2026-06-30 04:00:00+00:00,59627.47,59712.88,59360,59524.01,3053.94506,2026-06-30 07:59:59.999000+00:00,181807255.2,433814,1293.10665,76973761.62,0
2026-06-30 08:00:00+00:00,59524.01,59551.03,59123.01,59192.7,2089.47276,2026-06-30 11:59:59.999000+00:00,123956238.5,442051,915.25731,54296713.49,0
2026-06-30 12:00:00+00:00,59192.71,59276.6,58201,58381.99,7891.0473,2026-06-30 15:59:59.999000+00:00,462843047.9,1410708,3712.69567,217772049.1,0
2026-06-30 16:00:00+00:00,58382,58839.16,58241.79,58818.05,3095.15267,2026-06-30 19:59:59.999000+00:00,181042106.2,688268,1346.86925,78800620.33,0
2026-06-30 20:00:00+00:00,58818,58874.99,58509.99,58624.71,1653.04729,2026-06-30 23:59:59.999000+00:00,96971273.88,372651,750.91493,44048118.2,0
2026-07-01 00:00:00+00:00,58624.71,59318,57800.19,59197.13,5065.96033,2026-07-01 03:59:59.999000+00:00,296449825.5,842383,2345.61664,137543085.6,0
2026-07-01 04:00:00+00:00,59197.12,59457,58534.31,58768.65,2186.41376,2026-07-01 07:59:59.999000+00:00,128931387.8,462534,946.93259,55797737.49,0
2026-07-01 08:00:00+00:00,58768.64,59091.99,58500,58622.03,1602.12145,2026-07-01 11:59:59.999000+00:00,94143646.58,390029,760.6516,44704874.82,0
2026-07-01 12:00:00+00:00,58622.02,60536.55,58326,60147.15,10086.67787,2026-07-01 15:59:59.999000+00:00,599670098.4,1248868,5705.47011,339653543.4,0
2026-07-01 16:00:00+00:00,60147.15,60352.93,59787.35,60028.67,2234.35255,2026-07-01 19:59:59.999000+00:00,134325160.2,514984,1150.07969,69147147.17,0
2026-07-01 20:00:00+00:00,60029.39,61334,59876,60024,3917.92066,2026-07-01 23:59:59.999000+00:00,237531188.4,708051,2027.36232,122941627,0
2026-07-02 00:00:00+00:00,60024,61121.78,59588,61058,2904.94504,2026-07-02 03:59:59.999000+00:00,174900587.7,589740,1719.14764,103516669.6,0
2026-07-02 04:00:00+00:00,61057.99,61058,60104,60149.99,3061.89549,2026-07-02 07:59:59.999000+00:00,185461950.7,537384,1325.19091,80257115.66,0
2026-07-02 08:00:00+00:00,60149.99,61437.49,60132.51,61358.01,4003.42248,2026-07-02 11:59:59.999000+00:00,244260108.4,672992,2265.81789,138212514.5,0
2026-07-02 12:00:00+00:00,61358,62200,61147.23,61612.93,6769.2125,2026-07-02 15:59:59.999000+00:00,417696158.6,1187043,3478.53717,214700180.3,0
2026-07-02 16:00:00+00:00,61612.93,61962.43,61108.99,61479.6,3294.70341,2026-07-02 19:59:59.999000+00:00,202946737.9,616388,1888.4355,116335627.4,0
2026-07-02 20:00:00+00:00,61479.59,61653.43,61342,61560,1347.96271,2026-07-02 23:59:59.999000+00:00,82891026.47,279549,717.72606,44132334.18,0
2026-07-03 00:00:00+00:00,61560,61733.11,61248.86,61434,2479.18215,2026-07-03 03:59:59.999000+00:00,152311294.5,481811,1143.57615,70266115.96,0
2026-07-03 04:00:00+00:00,61434,61864.99,61332.76,61750.47,3163.90756,2026-07-03 07:59:59.999000+00:00,195132227.3,365987,1483.19684,91477495.85,0
2026-07-03 08:00:00+00:00,61750.47,62103.1,61510.01,62024.02,1709.37837,2026-07-03 11:59:59.999000+00:00,105713069.8,431910,911.51174,56373261.75,0
2026-07-03 12:00:00+00:00,62024.01,62400,61700,61922.72,2814.47654,2026-07-03 15:59:59.999000+00:00,174600154.2,547843,1576.64099,97819769.93,0
2026-07-03 16:00:00+00:00,61922.71,62317.64,61911.65,62210,1297.39519,2026-07-03 19:59:59.999000+00:00,80657192.04,299066,738.50194,45920762.93,0
2026-07-03 20:00:00+00:00,62210,62979.86,62186.01,62583.26,2584.64646,2026-07-03 23:59:59.999000+00:00,161945993.8,444914,1396.55917,87499185.67,0
2026-07-04 00:00:00+00:00,62583.26,62946,62404.25,62627.29,1753.66085,2026-07-04 03:59:59.999000+00:00,109798769.8,333809,746.93706,46770767.31,0
2026-07-04 04:00:00+00:00,62627.28,62749.97,62328.24,62576,1478.55581,2026-07-04 07:59:59.999000+00:00,92487650.19,218521,752.38454,47066716.88,0
2026-07-04 08:00:00+00:00,62576,62674.47,62415.87,62482.01,1079.64345,2026-07-04 11:59:59.999000+00:00,67502292.53,170507,546.35331,34162775.18,0
2026-07-04 12:00:00+00:00,62482,63075.46,62482,62943.29,1355.98937,2026-07-04 15:59:59.999000+00:00,85126276,303280,750.7092,47140055.23,0
2026-07-04 16:00:00+00:00,62943.29,63461.99,62786,63294.72,1874.87989,2026-07-04 19:59:59.999000+00:00,118354896.3,364574,1042.61936,65809648.41,0
2026-07-04 20:00:00+00:00,63294.72,63448,62927.98,63144.01,1597.09803,2026-07-04 23:59:59.999000+00:00,100963961.2,252597,914.5325,57806954.62,0
2026-07-05 00:00:00+00:00,63144.01,63144.01,62596.08,62769.04,1315.64704,2026-07-05 03:59:59.999000+00:00,82720257.84,291527,565.73586,35567419.62,0
2026-07-05 04:00:00+00:00,62769.03,63059.99,62659.65,63020.21,1264.39586,2026-07-05 07:59:59.999000+00:00,79413824.07,215421,660.87175,41512250.18,0
2026-07-05 08:00:00+00:00,63020.21,63104,62436.59,62658.92,1351.262,2026-07-05 11:59:59.999000+00:00,84811470.41,253294,572.28628,35916011.35,0
2026-07-05 12:00:00+00:00,62658.92,62943.59,62569.37,62740.01,1095.17438,2026-07-05 15:59:59.999000+00:00,68699977.77,239745,542.34685,34023641.21,0
2026-07-05 16:00:00+00:00,62740.01,62888.14,62590.02,62768.88,1289.13194,2026-07-05 19:59:59.999000+00:00,80851366.98,240237,640.93296,40194435.59,0
2026-07-05 20:00:00+00:00,62768.87,63999,62609.47,63650,2856.46636,2026-07-05 23:59:59.999000+00:00,181369547.5,549959,1583.76271,100558533.8,0
2026-07-06 00:00:00+00:00,63650.01,63920,63136.01,63294,2106.27228,2026-07-06 03:59:59.999000+00:00,133811858.2,503644,975.29003,61967431.09,0
2026-07-06 04:00:00+00:00,63294,63402.77,62890,63089.42,2133.18277,2026-07-06 07:59:59.999000+00:00,134594693.4,364295,955.88054,60312300.49,0
2026-07-06 08:00:00+00:00,63089.42,63244,62483.83,62483.84,2033.95739,2026-07-06 11:59:59.999000+00:00,127797556,346341,883.59821,55539929.44,0
2026-07-06 12:00:00+00:00,62483.84,63550,61306.84,63545.98,9407.7266,2026-07-06 15:59:59.999000+00:00,583941662.2,1372664,5817.11599,361050904.8,0
2026-07-06 16:00:00+00:00,63545.98,63976.16,63386.01,63738.52,3288.31371,2026-07-06 19:59:59.999000+00:00,209461474.1,695266,1680.74984,107070497.4,0
2026-07-06 20:00:00+00:00,63738.52,64700,63589.41,64042.02,2465.83162,2026-07-06 23:59:59.999000+00:00,158348802.4,495685,1243.91731,79858997.7,0
2026-07-07 00:00:00+00:00,64042.93,64314,63150,63191.01,2149.22919,2026-07-07 03:59:59.999000+00:00,137056167,490629,965.68915,61610357.32,0
2026-07-07 04:00:00+00:00,63191.01,63445.7,62800,63083.18,2868.37826,2026-07-07 07:59:59.999000+00:00,181221308.9,435866,1430.77683,90420025.42,0
2026-07-07 08:00:00+00:00,63083.19,63467.15,62984.58,63406,1660.52847,2026-07-07 11:59:59.999000+00:00,104988878.9,351275,908.58309,57447486.2,0
2026-07-07 12:00:00+00:00,63405.99,64105,62671.39,63930.51,5487.16202,2026-07-07 15:59:59.999000+00:00,348081870.1,1004190,2897.99489,183891240.5,0
2026-07-07 16:00:00+00:00,63930.5,64243.75,63379.69,63817.99,3152.55165,2026-07-07 19:59:59.999000+00:00,201532847.6,622715,1336.66503,85477080.71,0
2026-07-07 20:00:00+00:00,63818,63901.75,63218,63363.99,1516.35864,2026-07-07 23:59:59.999000+00:00,96386614.39,377427,588.49577,37410096.99,0
2026-07-08 00:00:00+00:00,63364,63761.99,62525.47,62766,2945.00889,2026-07-08 03:59:59.999000+00:00,185876396.3,609259,1246.3644,78720530.9,0
2026-07-08 04:00:00+00:00,62766,62901.49,62477.04,62888.35,2093.37251,2026-07-08 07:59:59.999000+00:00,131299060.9,444952,871.43626,54661205.27,0
2026-07-08 08:00:00+00:00,62888.34,62941.46,61743.83,62299.99,5277.16067,2026-07-08 11:59:59.999000+00:00,327876037.6,777090,2321.54841,144197862.9,0
2026-07-08 12:00:00+00:00,62300,62451.08,61544.56,61704.01,4480.13744,2026-07-08 15:59:59.999000+00:00,277437714.1,934639,2002.43081,124077083.6,0
2026-07-08 16:00:00+00:00,61704.01,62394.32,61692,62277.98,1878.09343,2026-07-08 19:59:59.999000+00:00,116612947.9,533138,1095.53071,67993253.91,0
2026-07-08 20:00:00+00:00,62277.98,62350.63,61956,62290,1946.32502,2026-07-08 23:59:59.999000+00:00,120985013.8,299409,801.25967,49806749.42,0
2026-07-09 00:00:00+00:00,62290.01,62642,61705.29,61974.34,2507.70329,2026-07-09 03:59:59.999000+00:00,155686968.1,532918,965.1482,59966966.81,0
2026-07-09 04:00:00+00:00,61974.34,63283.26,61956.46,63000,3076.31626,2026-07-09 07:59:59.999000+00:00,192704715.3,513310,1482.9478,92908995.08,0
2026-07-09 08:00:00+00:00,62999.99,63100.1,62614.66,62786.34,2526.25001,2026-07-09 11:59:59.999000+00:00,158894710.8,380844,1074.16155,67556973.47,0
2026-07-09 12:00:00+00:00,62786.33,63261,62465.39,62868.05,4882.96602,2026-07-09 15:59:59.999000+00:00,306798645.4,859856,2515.21212,158071042,0
2026-07-09 16:00:00+00:00,62868.06,63500,62559.59,63248.1,2646.20845,2026-07-09 19:59:59.999000+00:00,166955414.2,603411,1461.64528,92213723.33,0
2026-07-09 20:00:00+00:00,63248.09,63418,63060.91,63230,1103.36269,2026-07-09 23:59:59.999000+00:00,69809359.42,285711,423.36862,26785364.26,0
2026-07-10 00:00:00+00:00,63230.01,64050.23,62926.01,63947.2,3284.75486,2026-07-10 03:59:59.999000+00:00,209065762.6,511474,1624.84149,103461367,0
2026-07-10 04:00:00+00:00,63947.2,64200,63802.02,63963,1994.74883,2026-07-10 07:59:59.999000+00:00,127655182.9,339861,858.1591,54916429.29,0
2026-07-10 08:00:00+00:00,63963,64494.84,63962.99,64425.18,2735.04064,2026-07-10 11:59:59.999000+00:00,175885976.5,454783,1451.97627,93355053.96,0
2026-07-10 12:00:00+00:00,64425.18,64692.83,63793.43,64040,3985.18915,2026-07-10 15:59:59.999000+00:00,255992161,867854,2046.31971,131465070.7,0
2026-07-10 16:00:00+00:00,64039.99,64220,63732.66,63917.88,2956.75614,2026-07-10 19:59:59.999000+00:00,189060026.4,480103,1461.35904,93455964.24,0
2026-07-10 20:00:00+00:00,63917.88,64222.61,63656,64161.72,2632.5116,2026-07-10 23:59:59.999000+00:00,168438851.5,273350,1284.84729,82185299.39,0
2026-07-11 00:00:00+00:00,64161.72,64310,63984.07,64150.42,1101.49145,2026-07-11 03:59:59.999000+00:00,70642973.07,251684,519.94861,33351493.45,0
2026-07-11 04:00:00+00:00,64150.42,64278,64080.26,64162.18,1485.01598,2026-07-11 07:59:59.999000+00:00,95321721.91,216737,645.36795,41422550.67,0
2026-07-11 08:00:00+00:00,64162.18,64300,64129.99,64198,1355.34719,2026-07-11 11:59:59.999000+00:00,87005200.65,145928,676.88369,43448102.13,0
2026-07-11 12:00:00+00:00,64197.99,64504.11,63896.18,64175.75,2497.55472,2026-07-11 15:59:59.999000+00:00,160432933.2,323763,1087.48873,69853676.24,0
2026-07-11 16:00:00+00:00,64175.75,64402,64084,64286,1218.04674,2026-07-11 19:59:59.999000+00:00,78261890.96,235506,449.66867,28887930.25,0
2026-07-11 20:00:00+00:00,64286,64463.83,63819,63819,1494.51824,2026-07-11 23:59:59.999000+00:00,95805154.77,232560,528.92797,33911666.1,0
2026-07-12 00:00:00+00:00,63819.01,64223.74,63702.16,64223.73,4094.275,2026-07-12 03:59:59.999000+00:00,261736649.5,432109,2155.90634,137835147.1,0
2026-07-12 04:00:00+00:00,64223.73,64245.87,63640.83,63885.27,1737.49927,2026-07-12 07:59:59.999000+00:00,111033178.1,257916,763.59978,48786169.78,0
2026-07-12 08:00:00+00:00,63885.28,64100.32,63764,64018.01,4848.30942,2026-07-12 11:59:59.999000+00:00,310042852.5,500956,2322.33899,148520297.4,0
2026-07-12 12:00:00+00:00,64018,64290.11,63958.71,64176,1182.12771,2026-07-12 15:59:59.999000+00:00,75749744.4,221163,620.4707,39759973.5,0
2026-07-12 16:00:00+00:00,64176,64270,64018.69,64228.59,890.36957,2026-07-12 19:59:59.999000+00:00,57094699.03,183573,372.04577,23856183.19,0
2026-07-12 20:00:00+00:00,64228.59,64254,63668,63780,1162.25606,2026-07-12 23:59:59.999000+00:00,74281448.86,323888,522.64579,33398891.97,0
2026-07-13 00:00:00+00:00,63780,64425,62741.04,62806.41,3939.38182,2026-07-13 03:59:59.999000+00:00,250269726.6,870271,1601.14699,101808603.3,0
2026-07-13 04:00:00+00:00,62806.41,63070.01,62500.76,62985.52,3347.70751,2026-07-13 07:59:59.999000+00:00,210385057.4,431082,1597.58768,100421232.4,0
2026-07-13 08:00:00+00:00,62985.53,63302.88,62862.28,62901.99,3803.06989,2026-07-13 11:59:59.999000+00:00,239865414.6,283594,1616.59696,101962087.6,0
2026-07-13 12:00:00+00:00,62901.99,62990.04,62101,62618.01,5871.90146,2026-07-13 15:59:59.999000+00:00,367192718.1,875831,2793.70484,174730873.9,0
2026-07-13 16:00:00+00:00,62618,62629.35,61824.97,62288.23,3298.41917,2026-07-13 19:59:59.999000+00:00,205050852,566280,1565.40198,97289562.91,0
2026-07-13 20:00:00+00:00,62288.23,62347.46,61882.88,62334.52,1422.02219,2026-07-13 23:59:59.999000+00:00,88332961.18,322654,686.99879,42679069.61,0
2026-07-14 00:00:00+00:00,62334.52,62666.66,62272.2,62572.89,2249.30225,2026-07-14 03:59:59.999000+00:00,140485661,425285,1015.48735,63424084.92,0
2026-07-14 04:00:00+00:00,62572.88,62872,62516.93,62560.92,2088.33647,2026-07-14 07:59:59.999000+00:00,130917558.2,296282,1098.64687,68878903.63,0
2026-07-14 08:00:00+00:00,62560.92,62923.06,62500,62844.99,1732.53672,2026-07-14 11:59:59.999000+00:00,108634584.5,305432,793.20158,49738974.76,0
2026-07-14 12:00:00+00:00,62844.99,64966.43,62780.84,64743.99,8796.6211,2026-07-14 15:59:59.999000+00:00,562863920,1148163,4829.07334,309100166.8,0
2026-07-14 16:00:00+00:00,64744,64896.86,64231.77,64569.59,3290.30049,2026-07-14 19:59:59.999000+00:00,212650729.4,533516,1719.259,111134527.8,0
2026-07-14 20:00:00+00:00,64569.59,65100,64419.99,65043.98,2395.31681,2026-07-14 23:59:59.999000+00:00,155302047.6,372267,1391.82164,90267670.16,0
2026-07-15 00:00:00+00:00,65043.99,65065.01,64488,64792.01,1693.44003,2026-07-15 03:59:59.999000+00:00,109586732.8,320579,679.01962,43941213.61,0
2026-07-15 04:00:00+00:00,64792,65277.37,64485,64549.34,3159.56545,2026-07-15 07:59:59.999000+00:00,204726915.1,419673,1585.95347,102796762.9,0
2026-07-15 08:00:00+00:00,64549.33,64917.94,64549.33,64732.15,2317.38966,2026-07-15 11:59:59.999000+00:00,149994663.4,289157,1276.87517,82642899.73,0
2026-07-15 12:00:00+00:00,64732.15,65600,64606,65427.61,6119.9158,2026-07-15 15:59:59.999000+00:00,399055944,962986,3148.54563,205318487.9,0
2026-07-15 16:00:00+00:00,65427.6,65470,64738.49,64977.34,3997.71829,2026-07-15 19:59:59.999000+00:00,260018792.6,465383,1886.91277,122709232.8,0
2026-07-15 20:00:00+00:00,64977.34,65055.39,64691.89,64756.28,1113.86818,2026-07-15 23:59:59.999000+00:00,72265275.82,211141,432.17696,28039214.94,0
2026-07-16 00:00:00+00:00,64756.28,64845.5,64392.01,64619.95,1773.62269,2026-07-16 03:59:59.999000+00:00,114662853.7,351949,663.80161,42916343.32,0
2026-07-16 04:00:00+00:00,64619.96,64997.52,64086.12,64238,2728.61151,2026-07-16 07:59:59.999000+00:00,176196222.7,380748,1260.70211,81412678.73,0
2026-07-16 08:00:00+00:00,64238,64380,63888,64256.53,8083.54555,2026-07-16 11:59:59.999000+00:00,518405240,555339,4069.8293,261021903.4,0
2026-07-16 12:00:00+00:00,64256.52,64896,63838.28,64704.73,3169.90689,2026-07-16 15:59:59.999000+00:00,204127820.8,741620,1594.96836,102729512.2,0
2026-07-16 16:00:00+00:00,64704.73,64712,63984.09,64271.84,1783.88455,2026-07-16 19:59:59.999000+00:00,114685442.7,502323,891.66775,57325903.03,0
2026-07-16 20:00:00+00:00,64271.85,64276,63748.74,63830.2,1224.9556,2026-07-16 23:59:59.999000+00:00,78420806.53,281502,526.33694,33705659.59,0
2026-07-17 00:00:00+00:00,63830.2,64067.69,63380.28,63570,2665.58621,2026-07-17 03:59:59.999000+00:00,169659336.7,531177,1236.29692,78689064.09,0
2026-07-17 04:00:00+00:00,63570,63576,62710,62828.11,4170.00651,2026-07-17 07:59:59.999000+00:00,262693644.7,494473,2061.81218,129880484.7,0
2026-07-17 08:00:00+00:00,62828.11,63361.7,62666,63298.01,2593.38028,2026-07-17 11:59:59.999000+00:00,163366668.4,354967,1388.89422,87500141.64,0
2026-07-17 12:00:00+00:00,63298,63518,62537.56,63452,3902.37074,2026-07-17 15:59:59.999000+00:00,246111895.3,894383,1743.65879,109984295.3,0
2026-07-17 16:00:00+00:00,63452,64387.99,63312.01,64160.8,3432.25523,2026-07-17 19:59:59.999000+00:00,219389919.1,728454,1648.44804,105338593,0
2026-07-17 20:00:00+00:00,64160.8,64216.61,63884.35,63931.67,1426.29492,2026-07-17 23:59:59.999000+00:00,91324565.15,235842,539.32786,34534133.9,0
2026-07-18 00:00:00+00:00,63931.67,64032.6,63886.65,64017.84,1370.3565,2026-07-18 03:59:59.999000+00:00,87640554.76,150552,706.83905,45203317.56,0
2026-07-18 04:00:00+00:00,64017.84,64026.03,63926.39,64002.75,949.10008,2026-07-18 07:59:59.999000+00:00,60728056.11,118016,441.05503,28221087.48,0
2026-07-18 08:00:00+00:00,64002.75,64097.22,63887.73,64069.89,1103.50008,2026-07-18 11:59:59.999000+00:00,70619036.03,85981,566.16577,36236242.11,0
2026-07-18 12:00:00+00:00,64069.89,64274.47,63963,64123.12,1241.58814,2026-07-18 15:59:59.999000+00:00,79608426.73,210954,648.61472,41597307.05,0
2026-07-18 16:00:00+00:00,64123.13,64669.5,64091.48,64552.79,1723.19086,2026-07-18 19:59:59.999000+00:00,110998004.6,257153,997.58868,64255342.29,0
2026-07-18 20:00:00+00:00,64552.8,64865,64528.69,64834.22,1643.44446,2026-07-18 23:59:59.999000+00:00,106360570.4,266045,739.95103,47899483.96,0
2026-07-19 00:00:00+00:00,64834.21,64967.25,64620.44,64706.18,1644.28469,2026-07-19 03:59:59.999000+00:00,106536390.4,198160,813.93093,52743412.26,0
2026-07-19 04:00:00+00:00,64706.18,64815.65,64610.89,64711.05,1101.66102,2026-07-19 07:59:59.999000+00:00,71298499.07,143399,522.31957,33802195.34,0
2026-07-19 08:00:00+00:00,64711.04,64743,64445,64467.64,1538.93439,2026-07-19 11:59:59.999000+00:00,99445905.38,229863,871.05962,56288382.81,0
2026-07-19 12:00:00+00:00,64467.65,64663.04,64285.24,64585.32,1464.507,2026-07-19 15:59:59.999000+00:00,94381470.05,274299,798.55948,51470893.01,0
2026-07-19 16:00:00+00:00,64585.33,64752,64280,64462.58,1160.57272,2026-07-19 19:59:59.999000+00:00,74890318.85,254773,577.55081,37267479.26,0
2026-07-19 20:00:00+00:00,64462.58,64900,64347.89,64722.54,1469.95492,2026-07-19 23:59:59.999000+00:00,95006518.18,363843,698.5496,45156418.58,0
2026-07-20 00:00:00+00:00,64722.55,65107.99,64416,64869.8,1856.81248,2026-07-20 03:59:59.999000+00:00,120367010.8,587702,944.57775,61249378.29,0
2026-07-20 04:00:00+00:00,64869.79,64869.99,63765.83,64280.01,3162.272,2026-07-20 07:59:59.999000+00:00,202948573.3,587681,1541.49004,98890291.13,0
2026-07-20 08:00:00+00:00,64280.01,65068,63100,65002.01,5789.67423,2026-07-20 11:59:59.999000+00:00,371789253.4,511848,1808.39523,116364461.6,0
2026-07-20 12:00:00+00:00,65002,65666.8,64077.76,65598.75,5847.5969,2026-07-20 15:59:59.999000+00:00,379053519.2,1036177,3459.70883,224389149.9,0
2026-07-20 16:00:00+00:00,65598.75,65799,65041.05,65142,3294.38969,2026-07-20 19:59:59.999000+00:00,215471814.6,589177,1688.03272,110422141.3,0
2026-07-20 20:00:00+00:00,65142,65445.27,65061.92,65255.51,1372.74172,2026-07-20 23:59:59.999000+00:00,89552539,294262,662.62211,43231706.71,0
2026-07-21 00:00:00+00:00,65255.51,65658.78,65148.75,65566.78,2285.39592,2026-07-21 03:59:59.999000+00:00,149538223.7,450732,1210.89115,79218363.01,0
2026-07-21 04:00:00+00:00,65566.77,66245.64,65471.69,66186.86,3537.73944,2026-07-21 07:59:59.999000+00:00,232893727.8,468544,1852.89532,121964974,0
2026-07-21 08:00:00+00:00,66186.86,66420.65,66129.19,66345.59,3436.96959,2026-07-21 11:59:59.999000+00:00,227803607.8,427621,1737.22867,115141147.9,0
2026-07-21 12:00:00+00:00,66345.59,66956.15,66255.73,66676.54,5031.99712,2026-07-21 15:59:59.999000+00:00,335391888.9,858855,2705.33094,180310152.4,0
2026-07-21 16:00:00+00:00,66676.53,66764,66052.63,66444.76,2940.41455,2026-07-21 19:59:59.999000+00:00,195205977.7,522292,1415.65652,93983062.33,0
2026-07-21 20:00:00+00:00,66444.76,66576,66204,66556.16,1385.76425,2026-07-21 23:59:59.999000+00:00,91969264.17,277197,623.80608,41399623.9,0
2026-07-22 00:00:00+00:00,66556.15,66739.89,66176,66210,2882.6636,2026-07-22 03:59:59.999000+00:00,191621422.2,652324,1571.19039,104469303.8,0
2026-07-22 04:00:00+00:00,66209.99,66424,65701,65843.48,4124.6914,2026-07-22 07:59:59.999000+00:00,272389387.6,668048,1861.65673,122950341.9,0
2026-07-22 08:00:00+00:00,65843.48,66164.57,65843.47,66013.36,5171.31096,2026-07-22 11:59:59.999000+00:00,341268215.8,712578,2576.26413,170011483.5,0
2026-07-22 12:00:00+00:00,66013.36,66204.98,65553.67,66047.39,3002.09745,2026-07-22 15:59:59.999000+00:00,197651196.7,662744,1520.44141,100122588.8,0
2026-07-22 16:00:00+00:00,66047.38,66384,65691.93,65923.19,1521.20312,2026-07-22 19:59:59.999000+00:00,100444842.6,427993,673.68011,44490677.4,0
2026-07-22 20:00:00+00:00,65923.19,66138.24,65791.79,66114.49,1372.89949,2026-07-22 23:59:59.999000+00:00,90583853.35,258138,651.2366,42967586.24,0
2026-07-23 00:00:00+00:00,66114.5,66313.14,65585.11,65662.53,2738.22182,2026-07-23 03:59:59.999000+00:00,180505912.4,390926,1330.08639,87707894.27,0
2026-07-23 04:00:00+00:00,65662.53,65821.17,65351.02,65442.13,1755.71203,2026-07-23 07:59:59.999000+00:00,115169792.6,313412,775.67186,50878956.13,0
2026-07-23 08:00:00+00:00,65442.12,65792.09,65419.75,65555.21,1697.46856,2026-07-23 11:59:59.999000+00:00,111411329.7,263480,840.61509,55168890.87,0
2026-07-23 12:00:00+00:00,65555.21,65589.41,64728,64958.36,4309.94067,2026-07-23 15:59:59.999000+00:00,280331098.7,864979,1869.00568,121573383.7,0
2026-07-23 16:00:00+00:00,64958.37,64961.15,64650,64846.94,2433.46243,2026-07-23 19:59:59.999000+00:00,157702426.5,457475,1177.43902,76302459.43,0
2026-07-23 20:00:00+00:00,64846.93,65235.43,64834.52,65098.97,1763.42122,2026-07-23 23:59:59.999000+00:00,114870647.6,267027,1043.50625,67971386.62,0
2026-07-24 00:00:00+00:00,65098.98,65464.35,64762.18,65456.7,1824.8823,2026-07-24 03:59:59.999000+00:00,118798430.8,353470,912.29254,59398433.82,0
2026-07-24 04:00:00+00:00,65456.7,65808.59,65248,65499.95,2805.86714,2026-07-24 07:59:59.999000+00:00,183654410.3,327061,1260.31211,82506116.71,0
2026-07-24 08:00:00+00:00,65499.94,65508.17,64857.14,65083.43,2252.49673,2026-07-24 11:59:59.999000+00:00,146583171.5,299283,1260.81835,82042450.41,0
2026-07-24 12:00:00+00:00,65083.42,65133.99,63739.75,64093.85,6045.41604,2026-07-24 15:59:59.999000+00:00,388120898.2,916912,2750.13786,176507013.9,0
2026-07-24 16:00:00+00:00,64093.86,64292.44,63881.46,64225.32,2025.41669,2026-07-24 19:59:59.999000+00:00,129894119.2,374993,997.11536,63950729.18,0
2026-07-24 20:00:00+00:00,64225.32,64288.02,64121.86,64139.99,1867.1929,2026-07-24 23:59:59.999000+00:00,119828379.2,195972,952.54664,61130900,0
2026-07-25 00:00:00+00:00,64140,64179.03,64006.55,64085.36,1828.72886,2026-07-25 03:59:59.999000+00:00,117173780.1,162165,955.26992,61207222.77,0
2026-07-25 04:00:00+00:00,64085.36,64205.67,63964.57,64003.2,1073.91838,2026-07-25 07:59:59.999000+00:00,68785852.59,150931,503.49498,32253118.11,0
2026-07-25 08:00:00+00:00,64003.2,64113,63810,64064.01,2748.18699,2026-07-25 11:59:59.999000+00:00,175746238.1,240400,1444.59246,92392066.97,0
2026-07-25 12:00:00+00:00,64064.01,64272,64043,64182,929.05963,2026-07-25 15:59:59.999000+00:00,59611183.01,148666,637.27555,40886526.45,0
2026-07-25 16:00:00+00:00,64182.01,64475.28,64123,64388.38,848.44532,2026-07-25 19:59:59.999000+00:00,54590446.82,172305,468.08416,30121141.2,0
2026-07-25 20:00:00+00:00,64388.39,64430,64263.03,64375,1434.71112,2026-07-25 23:59:59.999000+00:00,92374555.48,130871,612.77788,39451582.42,0
2026-07-26 00:00:00+00:00,64375.01,64582,64350,64557,955.90385,2026-07-26 03:59:59.999000+00:00,61641755.58,142517,555.69595,35833103.87,0
2026-07-26 04:00:00+00:00,64557,64599.95,64293.81,64370,1238.04277,2026-07-26 07:59:59.999000+00:00,79788726.34,129186,524.07615,33769509.48,0
2026-07-26 08:00:00+00:00,64370,64573.73,64353,64507.35,680.86616,2026-07-26 11:59:59.999000+00:00,43905614.82,112877,346.6079,22352657.66,0
2026-07-26 12:00:00+00:00,64507.36,64827,64414,64768,1456.55849,2026-07-26 15:59:59.999000+00:00,94137143.56,246720,838.34619,54180778.65,0
2026-07-26 16:00:00+00:00,64768,64940.51,64668.91,64695.52,1252.18356,2026-07-26 19:59:59.999000+00:00,81070372.26,163019,597.95822,38717166.93,0
2026-07-26 20:00:00+00:00,64695.52,65577,64631.57,65399.99,2349.50606,2026-07-26 23:59:59.999000+00:00,153290484.9,343704,1228.7953,80194129.05,0
2026-07-27 00:00:00+00:00,65400,65418.81,64892.03,65284,1939.56217,2026-07-27 03:59:59.999000+00:00,126419306.6,391478,879.09735,57303937.99,0
2026-07-27 04:00:00+00:00,65284,65744.6,65217.16,65221.99,2549.79202,2026-07-27 07:59:59.999000+00:00,166808532.3,393601,975.21774,63809910.12,0
2026-07-27 08:00:00+00:00,65221.99,65432,65092,65100.79,2902.58585,2026-07-27 11:59:59.999000+00:00,189351686.9,299147,1422.64207,92815193.56,0
2026-07-27 12:00:00+00:00,65100.79,65718,64418.01,64554.01,3393.0404,2026-07-27 15:59:59.999000+00:00,220545627.3,923086,1600.79519,104115820.3,0
2026-07-27 16:00:00+00:00,64554,65090,64517.78,64984,1492.95286,2026-07-27 19:59:59.999000+00:00,96859784.54,436159,783.35114,50816881.37,0
2026-07-27 20:00:00+00:00,64983.99,65056,63605.56,63755.86,2513.97213,2026-07-27 23:59:59.999000+00:00,161326260.4,478165,1033.72579,66295078.99,0
2026-07-28 00:00:00+00:00,63755.86,63827.49,63059.39,63343.83,3113.97473,2026-07-28 03:59:59.999000+00:00,197223094.4,495493,1467.68926,92947496.17,0
2026-07-28 04:00:00+00:00,63343.82,63668.71,63221.26,63505.99,2180.40039,2026-07-28 07:59:59.999000+00:00,138457132,302891,1281.83667,81409898.02,0
2026-07-28 08:00:00+00:00,63506,63593,63294,63450,1418.41424,2026-07-28 11:59:59.999000+00:00,90006748.47,272253,711.55013,45152347.38,0
2026-07-28 12:00:00+00:00,63449.99,64026.62,62742.47,63928.47,3870.99997,2026-07-28 15:59:59.999000+00:00,245194835.7,829250,1932.32768,122497943.8,0
2026-07-28 16:00:00+00:00,63928.46,64100,63504,63904,1689.97924,2026-07-28 19:59:59.999000+00:00,107805607.9,448963,854.11041,54488429.03,0
2026-07-28 20:00:00+00:00,63904,64073.3,63562,63915,1616.06139,2026-07-28 23:59:59.999000+00:00,103214086,331093,822.51415,52536307.49,0
2026-07-29 00:00:00+00:00,63915,64200,63658,63753.03,2347.04425,2026-07-29 03:59:59.999000+00:00,150025520.9,530540,1359.35636,86893327,0
2026-07-29 04:00:00+00:00,63753.04,64575.99,63598,64561,2719.58943,2026-07-29 07:59:59.999000+00:00,174459408.1,440332,1471.29309,94413780.51,0
2026-07-29 08:00:00+00:00,64561.01,64744.81,64283.83,64507.54,1788.0597,2026-07-29 11:59:59.999000+00:00,115369161.5,303739,955.03885,61624222.77,0
2026-07-29 12:00:00+00:00,64507.53,64718.87,63886,63964.01,2735.29639,2026-07-29 15:59:59.999000+00:00,175763704.9,813636,1248.06929,80209427.18,0
2026-07-29 16:00:00+00:00,63964.01,64648.79,63511,63589.46,4593.92101,2026-07-29 19:59:59.999000+00:00,294567059.2,988525,2442.80202,156627068.1,0
2026-07-29 20:00:00+00:00,63589.46,64131.44,63267.34,63984.28,2596.20834,2026-07-29 23:59:59.999000+00:00,165440053,538522,1455.05802,92724171.18,0
2026-07-30 00:00:00+00:00,63984.29,64411.76,63603.92,64161.98,2334.02034,2026-07-30 03:59:59.999000+00:00,149574162.3,470648,1278.33261,81918551.25,0
2026-07-30 04:00:00+00:00,64161.98,64182,63907.85,64026,3046.62914,2026-07-30 07:59:59.999000+00:00,195108453.3,613375,1657.24755,106127179.7,0
2026-07-30 08:00:00+00:00,64026,64885.18,63980.54,64788,4792.79575,2026-07-30 11:59:59.999000+00:00,308892349.2,1000641,2310.35433,148934638.6,0
2026-07-30 12:00:00+00:00,64788.01,65176.6,64607.31,64730.3,3737.13198,2026-07-30 15:59:59.999000+00:00,242391046.6,568667,2004.3085,130014125.7,0
2026-07-30 16:00:00+00:00,64730.29,64988,64688,64800,1688.5901,2026-07-30 19:59:59.999000+00:00,109487756.9,299193,990.02328,64190577.46,0
2026-07-30 20:00:00+00:00,64800,65086.4,64668.91,64780.02,1532.41755,2026-07-30 23:59:59.999000+00:00,99402988.62,294167,755.92593,49041462.24,0
2026-07-31 00:00:00+00:00,64780.03,65409.56,64172,64370,3281.13705,2026-07-31 03:59:59.999000+00:00,212266363,576077,1600.86104,103603291.5,0
2026-07-31 04:00:00+00:00,64370,64496.64,63878.11,63950.01,4513.26941,2026-07-31 07:59:59.999000+00:00,289329878.8,350769,1733.84465,111250772.1,0
2026-07-31 08:00:00+00:00,63950.01,64011.99,63610,63805.51,2006.05406,2026-07-31 11:59:59.999000+00:00,128050427.5,285681,1111.52582,70962992.31,0
2026-07-31 12:00:00+00:00,63805.5,63849.19,62466,62716.57,6622.15348,2026-07-31 15:59:59.999000+00:00,417058298.2,911977,3077.25071,193790268.5,0
2026-07-31 16:00:00+00:00,62716.57,63302,62709.01,62972,2772.32321,2026-07-31 19:59:59.999000+00:00,174662192.2,422083,1549.50271,97647372.06,0
2026-07-31 20:00:00+00:00,62972,63062.47,62846,62887.88,1280.66965,2026-07-31 23:59:59.999000+00:00,80656021.15,193651,586.5765,36940830.89,0
2026-08-01 00:00:00+00:00,62887.88,63106.55,62887.87,63004.48,1641.61546,2026-08-01 03:59:59.999000+00:00,103411707.7,124285,807.21869,50851998.03,0
2026-08-01 04:00:00+00:00,63004.47,63142.85,62992.82,63050.46,1267.77262,2026-08-01 07:59:59.999000+00:00,79950236.84,85782,661.67985,41728865.01,0
2026-08-01 08:00:00+00:00,63050.45,63150,62986.31,63076,834.60912,2026-08-01 11:59:59.999000+00:00,52640495.15,86193,390.37913,24621139.32,0
2026-08-01 12:00:00+00:00,63076,63127.07,63007.05,63007.06,1057.87378,2026-08-01 15:59:59.999000+00:00,66745617.16,78748,547.05249,34515704.99,0
2026-08-01 16:00:00+00:00,63007.06,63027.65,62275,62529.82,1931.00222,2026-08-01 19:59:59.999000+00:00,120963738.5,310491,869.6504,54471838.55,0
2026-08-01 20:00:00+00:00,62529.81,62866.62,62482.99,62823.64,830.21584,2026-08-01 23:59:59.999000+00:00,52100274.38,146484,496.25842,31147295.77,0
2026-08-02 00:00:00+00:00,62823.65,63550,62806.58,63461.95,2070.02486,2026-08-02 03:59:59.999000+00:00,130972008.4,259494,1123.57502,71100282.36,0
2026-08-02 04:00:00+00:00,63461.95,63634,63415.26,63506.24,1136.19822,2026-08-02 07:59:59.999000+00:00,72153523.59,123416,675.99459,42927541.98,0
2026-08-02 08:00:00+00:00,63506.23,63530,62982.38,63031.99,1393.24586,2026-08-02 11:59:59.999000+00:00,88150007.51,197628,684.34698,43318588.33,0
2026-08-02 12:00:00+00:00,63031.99,63231.67,63010,63109.14,1015.40932,2026-08-02 15:59:59.999000+00:00,64093788.73,158461,523.02633,33014564.95,0
2026-08-02 16:00:00+00:00,63109.13,63610.01,63064.01,63456.01,1352.52922,2026-08-02 19:59:59.999000+00:00,85648276.74,217974,799.14491,50605539.91,0
2026-08-02 20:00:00+00:00,63456,63796.33,63344,63570,1419.60406,2026-08-02 23:59:59.999000+00:00,90220771.4,329091,760.24329,48315907.61,0
2026-08-03 00:00:00+00:00,63570.01,63596,62786.04,62870.49,1580.29042,2026-08-03 03:59:59.999000+00:00,99839831.4,326736,699.29093,44185968.47,0
2026-08-03 04:00:00+00:00,62870.48,63001.77,62552.04,62621.1,2528.15637,2026-08-03 07:59:59.999000+00:00,158583910.3,254042,1259.64118,79024210.16,0
2026-08-03 08:00:00+00:00,62621.1,62863.1,62300,62560.01,1968.81583,2026-08-03 11:59:59.999000+00:00,123258099.1,280437,1093.51644,68468282.8,0
2026-08-03 12:00:00+00:00,62560.01,63992.71,62445.26,63694.91,5314.98583,2026-08-03 15:59:59.999000+00:00,337230182.5,932553,3099.62871,196754818.7,0
2026-08-03 16:00:00+00:00,63694.9,64080,63664,63869.38,2341.4127,2026-08-03 19:59:59.999000+00:00,149567720.4,440979,1095.83151,70002295.54,0
2026-08-03 20:00:00+00:00,63869.38,64023.61,63392.01,63520,1809.63628,2026-08-03 23:59:59.999000+00:00,115218772.3,259617,739.9951,47122583.68,0
2026-08-04 00:00:00+00:00,63520,63972,63322.01,63800.01,2284.2087,2026-08-04 03:59:59.999000+00:00,145406082.5,371522,1284.7619,81790108.46,0
2026-08-04 04:00:00+00:00,63800.01,64243.81,63506.78,63685.74,2203.45481,2026-08-04 07:59:59.999000+00:00,140604655.7,253042,1033.96701,65980322.05,0
2026-08-04 08:00:00+00:00,63685.73,63950,63451.8,63926,1840.43901,2026-08-04 11:59:59.999000+00:00,117165598.6,278134,934.77224,59513390.26,0
2026-08-04 12:00:00+00:00,63926,64238,63615.38,64125.14,3355.49264,2026-08-04 15:59:59.999000+00:00,214613426.3,680360,1960.52574,125401526.6,0
2026-08-04 16:00:00+00:00,64125.14,64413.21,63892,64233.36,2494.3487,2026-08-04 19:59:59.999000+00:00,160051627.1,498010,1336.67735,85775583.44,0
2026-08-04 20:00:00+00:00,64233.35,64549.16,64001.68,64106.56,1512.53523,2026-08-04 23:59:59.999000+00:00,97216293.09,306971,809.75942,52058939.9,0
2026-08-05 00:00:00+00:00,64106.55,64504,63950,64183.27,2051.27242,2026-08-05 03:59:59.999000+00:00,131673610.5,373821,1056.89821,67836680.95,0
2026-08-05 04:00:00+00:00,64183.27,64525.97,63995.89,64163.99,1638.18668,2026-08-05 07:59:59.999000+00:00,105225247,240425,869.87357,55876497.21,0
2026-08-05 08:00:00+00:00,64164,64280,64020,64075.28,1165.7803,2026-08-05 11:59:59.999000+00:00,74783126.17,238191,524.94152,33672609.17,0
2026-08-05 12:00:00+00:00,64075.28,64744,63880,64388.01,4094.61341,2026-08-05 15:59:59.999000+00:00,263646915.6,820352,2196.94214,141453244.3,0
2026-08-05 16:00:00+00:00,64388.01,64936.18,64388,64840.28,1995.16889,2026-08-05 19:59:59.999000+00:00,129169021.5,435800,1012.01078,65517599.15,0
2026-08-05 20:00:00+00:00,64840.27,65025.22,64579.15,64665.23,1797.83358,2026-08-05 23:59:59.999000+00:00,116432053.5,293638,861.81628,55824110.87,0
2026-08-06 00:00:00+00:00,64665.24,64724.38,64439.34,64531.03,1501.18098,2026-08-06 03:59:59.999000+00:00,96962499.17,246620,684.74301,44226278.13,0
2026-08-06 04:00:00+00:00,64531.03,64996,64496.27,64809.7,1782.75525,2026-08-06 07:59:59.999000+00:00,115578918.4,274759,818.44415,53058555.23,0
2026-08-06 08:00:00+00:00,64809.7,64999,64503.54,64622.09,1307.61434,2026-08-06 11:59:59.999000+00:00,84640438.21,244217,632.89083,40961407.64,0
2026-08-06 12:00:00+00:00,64622.08,64987.26,64172,64631.87,2760.61479,2026-08-06 15:59:59.999000+00:00,178194040,741438,1466.27219,94681645.8,0
2026-08-06 16:00:00+00:00,64631.88,64834,64365,64446,1460.95594,2026-08-06 19:59:59.999000+00:00,94317559.22,388523,644.45394,41605736.76,0
2026-08-06 20:00:00+00:00,64446.01,64536.32,64200,64323.61,1051.31154,2026-08-06 23:59:59.999000+00:00,67673191.69,192394,419.34849,26997092.83,0
2026-08-07 00:00:00+00:00,64323.61,64544,64230.59,64289.99,1225.13149,2026-08-07 03:59:59.999000+00:00,78853170.67,345867,588.19788,37860179.56,0
2026-08-07 04:00:00+00:00,64289.99,64463.75,64166,64319.84,1378.76331,2026-08-07 07:59:59.999000+00:00,88693539.6,221813,649.87887,41809418.55,0
2026-08-07 08:00:00+00:00,64319.84,65213.33,64304.22,65029.98,2365.76634,2026-08-07 11:59:59.999000+00:00,153395685.6,319893,1085.53286,70399708.43,0
2026-08-07 12:00:00+00:00,65029.98,65390.99,64788,64912.72,4134.62946,2026-08-07 15:59:59.999000+00:00,269309422.6,828497,2118.83564,138041485.9,0
2026-08-07 16:00:00+00:00,64912.71,65072.31,64525,64960.47,1712.98766,2026-08-07 19:59:59.999000+00:00,111056163.2,440108,748.77566,48552167.84,0
2026-08-07 20:00:00+00:00,64960.46,65102,64846,64923.19,990.12577,2026-08-07 23:59:59.999000+00:00,64296131.81,127205,448.0453,29096829.82,0
2026-08-08 00:00:00+00:00,64923.2,65074.18,64784.19,65033,1310.57126,2026-08-08 03:59:59.999000+00:00,85086476.43,96354,705.31113,45795634.52,0
2026-08-08 04:00:00+00:00,65033,65071.15,64951.34,64960,786.13996,2026-08-08 07:59:59.999000+00:00,51095645.86,75111,372.49445,24210145.13,0
2026-08-08 08:00:00+00:00,64959.99,65050,64948.56,64967.35,776.81012,2026-08-08 11:59:59.999000+00:00,50492698.28,75327,403.71016,26241700.61,0
2026-08-08 12:00:00+00:00,64967.36,65192.54,64924,65080.82,965.25235,2026-08-08 15:59:59.999000+00:00,62803848.31,112522,537.60827,34980807.32,0
2026-08-08 16:00:00+00:00,65080.83,65150,65017.39,65075.41,690.47872,2026-08-08 19:59:59.999000+00:00,44931091.3,83910,306.73611,19960820.31,0
2026-08-08 20:00:00+00:00,65075.4,65100.61,64936.01,64962.6,1230.89057,2026-08-08 23:59:59.999000+00:00,80041598.64,97223,484.14599,31479303.51,0
2026-08-09 00:00:00+00:00,64962.6,65002,64730.08,64788.8,953.95674,2026-08-09 03:59:59.999000+00:00,61890284.3,103366,406.8562,26394256.82,0
2026-08-09 04:00:00+00:00,64788.8,64867.11,64777,64826.14,905.46471,2026-08-09 07:59:59.999000+00:00,58695686.43,68791,438.09997,28398359.69,0
2026-08-09 08:00:00+00:00,64826.15,65000,64792.1,64950,878.41777,2026-08-09 11:59:59.999000+00:00,57018145.06,106398,486.78467,31594021.4,0
2026-08-09 12:00:00+00:00,64950.01,65300,64914.73,65228.68,1218.78551,2026-08-09 15:59:59.999000+00:00,79419975.98,137348,655.3264,42700750.74,0
2026-08-09 16:00:00+00:00,65228.68,65266.06,65179.72,65180.66,760.315,2026-08-09 19:59:59.999000+00:00,49586659.22,79419,281.25274,18342939.17,0
2026-08-09 20:00:00+00:00,65180.66,65474.46,64842.59,64901.59,2314.29633,2026-08-09 23:59:59.999000+00:00,150755456.4,308659,939.00924,61186575.11,0
2026-08-10 00:00:00+00:00,64901.59,65391.14,64826.78,64982.01,1735.05442,2026-08-10 03:59:59.999000+00:00,112891375.4,339541,906.46506,58980737.22,0
2026-08-10 04:00:00+00:00,64982,65379.13,64924,65202.73,1621.07764,2026-08-10 07:59:59.999000+00:00,105654380.1,211476,735.81257,47955776.26,0
2026-08-10 08:00:00+00:00,65202.72,65328.73,64958.87,65125.98,1294.99105,2026-08-10 11:59:59.999000+00:00,84303871.04,219964,650.11354,42320679.7,0
2026-08-10 12:00:00+00:00,65125.99,65237.8,64203.15,64299.99,3640.00431,2026-08-10 15:59:59.999000+00:00,235448632.3,597064,1875.11074,121299058.2,0
2026-08-10 16:00:00+00:00,64299.99,64354,63806.27,64045.7,4275.95165,2026-08-10 19:59:59.999000+00:00,273599521.6,503118,2218.45876,141935026.5,0
2026-08-10 20:00:00+00:00,64045.7,64215.21,63920.69,63970.01,1071.3297,2026-08-10 23:59:59.999000+00:00,68604779.28,183184,560.667,35904066.79,0
2026-08-11 00:00:00+00:00,63970.01,64176,63895.64,64155.01,1832.7232,2026-08-11 03:59:59.999000+00:00,117375881.7,177239,929.48291,59528927.1,0
2026-08-11 04:00:00+00:00,64155,64159.65,63852,64065.99,1640.19253,2026-08-11 07:59:59.999000+00:00,104971889.8,159630,720.35609,46098589.08,0
2026-08-11 08:00:00+00:00,64066,64400,64044.72,64389.57,1568.1186,2026-08-11 11:59:59.999000+00:00,100757929.9,168286,795.5825,51122802.91,0
2026-08-11 12:00:00+00:00,64389.58,64515.43,63451,63609.87,4376.77905,2026-08-11 15:59:59.999000+00:00,280160653.2,604121,1939.93825,124178058.8,0
2026-08-11 16:00:00+00:00,63609.86,63660,63238,63536,2424.73673,2026-08-11 19:59:59.999000+00:00,153931196.2,358187,1443.84359,91667076.06,0
2026-08-11 20:00:00+00:00,63536,63768.58,63536,63600,1049.08237,2026-08-11 23:59:59.999000+00:00,66794644.83,193054,533.80984,33985137.54,0
2026-08-12 00:00:00+00:00,63600.01,63908.01,63534.01,63835.59,1898.48961,2026-08-12 03:59:59.999000+00:00,121087078.5,219268,1023.43861,65281436.4,0
2026-08-12 04:00:00+00:00,63835.58,63891.42,63606.15,63837.99,2130.54232,2026-08-12 07:59:59.999000+00:00,135859656.6,207376,1208.52237,77049243.14,0
2026-08-12 08:00:00+00:00,63838,64249.5,63768.01,64240.04,2267.09134,2026-08-12 11:59:59.999000+00:00,145242071.6,301323,957.69318,61343840,0
2026-08-12 12:00:00+00:00,64240.04,64500,63316,63441.47,3959.44035,2026-08-12 15:59:59.999000+00:00,252858381.8,749720,1935.40324,123571579.1,0
2026-08-12 16:00:00+00:00,63441.48,63578,63310.34,63421.11,1558.61566,2026-08-12 19:59:59.999000+00:00,98881340.7,266873,874.61538,55490795.79,0
2026-08-12 20:00:00+00:00,63421.11,63661.24,63370,63479.99,1812.88894,2026-08-12 23:59:59.999000+00:00,115034605,245939,994.15348,63077046.58,0
2026-08-13 00:00:00+00:00,63479.99,63717.31,63380,63646.99,1584.53762,2026-08-13 03:59:59.999000+00:00,100664999.5,258695,863.949,54882557.21,0
2026-08-13 04:00:00+00:00,63647,64010,63591.56,63865.84,1512.6667,2026-08-13 07:59:59.999000+00:00,96599906.24,247721,865.84846,55297450.27,0
2026-08-13 08:00:00+00:00,63865.84,63915,63350,63484.3,1451.07714,2026-08-13 11:59:59.999000+00:00,92398073.07,209860,681.81362,43413904.48,0
2026-08-13 12:00:00+00:00,63484.31,63999,63420,63420.01,2120.87883,2026-08-13 15:59:59.999000+00:00,135187139.5,524821,1109.04945,70693863.08,0
2026-08-13 16:00:00+00:00,63420.01,63568.97,62802.27,63407.99,3071.89552,2026-08-13 19:59:59.999000+00:00,194166446.6,630580,1526.72815,96526142.11,0
2026-08-13 20:00:00+00:00,63408,63640,63368,63490.86,1052.80272,2026-08-13 23:59:59.999000+00:00,66828129.37,207100,540.91324,34334317.28,0
2026-08-14 00:00:00+00:00,63490.86,63617.45,63301.58,63310,1474.95395,2026-08-14 03:59:59.999000+00:00,93667595.22,273190,648.20403,41166283.95,0
2026-08-14 04:00:00+00:00,63310,63472.5,62920,62920.78,2090.34251,2026-08-14 07:59:59.999000+00:00,132100109.5,278676,1132.75039,71592333.36,0
2026-08-14 08:00:00+00:00,62920.78,62997.83,62700,62868.83,2437.10701,2026-08-14 11:59:59.999000+00:00,153184955.5,335711,1373.29775,86321935.48,0
2026-08-14 12:00:00+00:00,62868.83,63089.18,62535.24,62990.95,3460.64272,2026-08-14 15:59:59.999000+00:00,217135899.9,674396,1896.22956,118988152.9,0
2026-08-14 16:00:00+00:00,62990.94,63247.05,62830,62968.05,1783.03596,2026-08-14 19:59:59.999000+00:00,112422975.4,427098,1036.81652,65373847.77,0
2026-08-14 20:00:00+00:00,62968.06,63066.13,62800,63043.56,1094.74684,2026-08-14 23:59:59.999000+00:00,68897309.22,195459,590.97898,37190672.76,0
2026-08-15 00:00:00+00:00,63043.56,63187.98,62992.91,63051.25,1121.88969,2026-08-15 03:59:59.999000+00:00,70728949.73,110386,572.08778,36066586.48,0
2026-08-15 04:00:00+00:00,63051.25,63155.76,63027.89,63075.43,1448.06787,2026-08-15 07:59:59.999000+00:00,91353412.07,93334,800.04577,50471509.09,0
2026-08-15 08:00:00+00:00,63075.43,63085.8,62920,63022.01,617.28318,2026-08-15 11:59:59.999000+00:00,38899181.8,76132,325.22628,20495585.06,0
2026-08-15 12:00:00+00:00,63022.01,63120.09,62946.58,63100.55,700.44395,2026-08-15 15:59:59.999000+00:00,44159868.88,88246,378.50675,23865445.39,0
2026-08-15 16:00:00+00:00,63100.55,63127.4,63044.37,63126.08,1110.25742,2026-08-15 19:59:59.999000+00:00,70040082.21,104954,812.70422,51268781.86,0
2026-08-15 20:00:00+00:00,63126.07,63175,63076.96,63086.01,407.21827,2026-08-15 23:59:59.999000+00:00,25709137.66,67261,221.94931,14012561.63,0
2026-08-16 00:00:00+00:00,63086.01,63151.59,63012,63130,626.426,2026-08-16 03:59:59.999000+00:00,39524860.89,68806,314.87526,19865308.41,0
2026-08-16 04:00:00+00:00,63130.01,63158.8,63040,63061.02,792.70018,2026-08-16 07:59:59.999000+00:00,49997624.37,53001,396.68356,25019507.45,0
2026-08-16 08:00:00+00:00,63061.03,63079.76,62968.45,63013.66,746.76545,2026-08-16 11:59:59.999000+00:00,47059525.42,60667,443.58872,27951831.1,0
2026-08-16 12:00:00+00:00,63013.66,63146.4,62997.77,63146.39,558.13323,2026-08-16 15:59:59.999000+00:00,35207338.38,69439,299.56855,18895914.35,0
2026-08-16 16:00:00+00:00,63146.39,63390,63100.89,63108.81,861.07496,2026-08-16 19:59:59.999000+00:00,54437166.02,147074,432.68509,27353953.4,0
2026-08-16 20:00:00+00:00,63108.8,63140,62716,62900,1152.13153,2026-08-16 23:59:59.999000+00:00,72471533.47,241307,610.63437,38411313.57,0
2026-08-17 00:00:00+00:00,62900,63520,62751.1,63429.21,2170.22745,2026-08-17 03:59:59.999000+00:00,137088004.8,399339,1086.63295,68644295.04,0
2026-08-17 04:00:00+00:00,63429.21,63717.17,63429.21,63514.45,2494.00927,2026-08-17 07:59:59.999000+00:00,158451731.9,212748,1130.86136,71839924.97,0
2026-08-17 08:00:00+00:00,63514.45,63781.69,63295,63631.1,1942.91539,2026-08-17 11:59:59.999000+00:00,123380500.1,231054,1045.60354,66380281.17,0
2026-08-17 12:00:00+00:00,63631.11,64227.27,63444.17,64200,2930.57098,2026-08-17 15:59:59.999000+00:00,187024847.2,524760,1468.48508,93729380.62,0
2026-08-17 16:00:00+00:00,64200,64610.01,63979.3,64309.96,3583.96885,2026-08-17 19:59:59.999000+00:00,230413977.5,541032,1877.90053,120742033.8,0
2026-08-17 20:00:00+00:00,64309.95,64578,64266,64532.1,1133.95519,2026-08-17 23:59:59.999000+00:00,73006989.57,202323,577.42752,37172107.61,0
2026-08-18 00:00:00+00:00,64532.11,64568.46,64047.73,64185.01,1731.23124,2026-08-18 03:59:59.999000+00:00,111202818.3,246058,853.21014,54799116.74,0
2026-08-18 04:00:00+00:00,64185,64446,64090,64198.97,3151.98283,2026-08-18 07:59:59.999000+00:00,202472655.4,253329,1519.89926,97623622.69,0
2026-08-18 08:00:00+00:00,64198.97,64402.35,64087.98,64351.19,1202.18477,2026-08-18 11:59:59.999000+00:00,77227074.73,197005,532.01911,34177928.25,0
2026-08-18 12:00:00+00:00,64351.18,65058.81,64027.85,64855.06,3687.2214,2026-08-18 15:59:59.999000+00:00,237954220.3,541934,2015.29568,130101821.9,0
2026-08-18 16:00:00+00:00,64855.06,64891.81,64642.36,64643.26,1223.7468,2026-08-18 19:59:59.999000+00:00,79255097.09,211297,517.28068,33500700.92,0
2026-08-18 20:00:00+00:00,64643.27,64780,64562.25,64725.42,793.54608,2026-08-18 23:59:59.999000+00:00,51293463.97,158396,321.54425,20784938.08,0
2026-08-19 00:00:00+00:00,64725.42,64736.27,64278,64330.71,1368.72937,2026-08-19 03:59:59.999000+00:00,88199811.01,258329,696.29818,44867111.37,0
2026-08-19 04:00:00+00:00,64330.7,64409.93,64166,64296,1822.44544,2026-08-19 07:59:59.999000+00:00,117221863.8,184917,937.24663,60281208.79,0
2026-08-19 08:00:00+00:00,64296.01,64539.05,64255,64515.63,1158.29773,2026-08-19 11:59:59.999000+00:00,74611199.12,150786,484.30107,31201606.02,0
2026-08-19 12:00:00+00:00,64515.62,69500,64474.86,68554,14033.00336,2026-08-19 15:59:59.999000+00:00,939526647.5,1576421,8081.80557,541205533,0
2026-08-19 16:00:00+00:00,68554,68997,67825.03,68429.44,5078.58687,2026-08-19 19:59:59.999000+00:00,347389517.9,853285,2599.99941,177889146.2,0
2026-08-19 20:00:00+00:00,68429.44,70000,68390,69334.79,5593.23699,2026-08-19 23:59:59.999000+00:00,387820099.7,1136858,2847.21441,197454663.2,0
2026-08-20 00:00:00+00:00,69334.78,69894.5,68902.22,69195.64,4128.11593,2026-08-20 03:59:59.999000+00:00,286686629.4,752205,2201.44083,152879995.3,0
2026-08-20 04:00:00+00:00,69195.64,70022,69166,69816.45,5427.46046,2026-08-20 07:59:59.999000+00:00,377584679,693188,2456.75058,170976789.6,0
2026-08-20 08:00:00+00:00,69816.45,72490,69772.36,71927.07,11048.6274,2026-08-20 11:59:59.999000+00:00,791582876.5,1531290,5815.2898,416389925.3,0
2026-08-20 12:00:00+00:00,71927.07,72830,71132,72470.83,8096.54953,2026-08-20 15:59:59.999000+00:00,582385271.5,1685640,4252.07287,305863134.1,0
2026-08-20 16:00:00+00:00,72470.84,72966,72205.88,72690.76,4379.48083,2026-08-20 19:59:59.999000+00:00,317970452.9,951205,2022.92256,146883621,0
2026-08-20 20:00:00+00:00,72690.76,73400,72498,73025.15,2824.55872,2026-08-20 23:59:59.999000+00:00,205843798.3,635586,1396.46469,101803275.6,0
2026-08-21 00:00:00+00:00,73027.02,75785.82,73027.02,74510.77,7849.2251,2026-08-21 03:59:59.999000+00:00,584652979.5,1582036,4341.43753,323329342.8,0
2026-08-21 04:00:00+00:00,74510.77,76916.95,74510.77,76308.65,7121.86416,2026-08-21 07:59:59.999000+00:00,540182095.1,1233155,3691.9644,279782305.2,0
2026-08-21 08:00:00+00:00,76308.66,79500,76235.76,76722.32,12525.47553,2026-08-21 11:59:59.999000+00:00,973556247.6,2281523,6098.63047,474190462.6,0
2026-08-21 12:00:00+00:00,76722.31,77871.33,76243.04,77221.98,7874.81907,2026-08-21 15:59:59.999000+00:00,606989752.8,1797337,3961.38466,305360459.2,0
2026-08-21 16:00:00+00:00,77221.98,77722.12,76643.72,77028.94,4866.29326,2026-08-21 19:59:59.999000+00:00,375915274,975846,2719.75487,210152604,0
2026-08-21 20:00:00+00:00,77028.94,78760.68,76863.56,78338.03,4101.88856,2026-08-21 23:59:59.999000+00:00,320376411,1059047,2220.70468,173373552.4,0
2026-08-22 00:00:00+00:00,78338.03,78828.15,77683.37,78410.98,3135.03861,2026-08-22 03:59:59.999000+00:00,245268338.7,857785,1655.8728,129553022,0
2026-08-22 04:00:00+00:00,78410.98,78818,76500,77289.18,6027.36717,2026-08-22 07:59:59.999000+00:00,466550227.9,1105878,2889.00664,223630077.6,0
2026-08-22 08:00:00+00:00,77289.18,77445.6,76533.87,77130.02,3748.00174,2026-08-22 11:59:59.999000+00:00,288838577.5,769748,2061.88699,158937925.1,0
2026-08-22 12:00:00+00:00,77130.01,77387.99,76880,76978.83,2000.76926,2026-08-22 15:59:59.999000+00:00,154332032.6,457317,958.85466,73966647.93,0
2026-08-22 16:00:00+00:00,76978.83,77547.96,76956.36,77418.25,1412.16364,2026-08-22 19:59:59.999000+00:00,109110128.1,353418,781.25491,60367187.03,0
2026-08-22 20:00:00+00:00,77418.26,77467.53,76772,77074.93,2201.16805,2026-08-22 23:59:59.999000+00:00,169669083.9,405899,1066.31626,82195700.72,0
2026-08-23 00:00:00+00:00,77074.94,77400,76837,76927.87,1553.06668,2026-08-23 03:59:59.999000+00:00,119795735,403643,835.93072,64487675.37,0
2026-08-23 04:00:00+00:00,76927.87,77036.58,75545.67,76007.13,4450.70459,2026-08-23 07:59:59.999000+00:00,339620679,873491,2171.4578,165746915.1,0
2026-08-23 08:00:00+00:00,76007.12,77400,75952.09,77311.02,2438.39979,2026-08-23 11:59:59.999000+00:00,187060386.5,547639,1413.14785,108425375.1,0
2026-08-23 12:00:00+00:00,77311.02,77765.8,76802,77156.13,2980.37095,2026-08-23 15:59:59.999000+00:00,230369560.1,678045,1587.0549,122710866,0
2026-08-23 16:00:00+00:00,77156.14,77487.04,77116,77346.01,1664.50999,2026-08-23 19:59:59.999000+00:00,128662882.7,405681,943.50454,72933413.52,0
2026-08-23 20:00:00+00:00,77346,78052.85,77200.03,77734,2280.17985,2026-08-23 23:59:59.999000+00:00,177119032.7,719330,1256.2545,97597713.18,0
2026-08-24 00:00:00+00:00,77734,77742,76883.61,76933.02,3664.03678,2026-08-24 03:59:59.999000+00:00,283117467.4,880230,1468.88006,113541895.6,0
2026-08-24 04:00:00+00:00,76933.02,77790.19,76670.01,77307.15,3503.20007,2026-08-24 07:59:59.999000+00:00,270380619.8,686797,1778.71704,137329588.7,0
2026-08-24 08:00:00+00:00,77307.14,78600,76838,78443.65,3882.01996,2026-08-24 11:59:59.999000+00:00,301637101.7,777457,2127.68785,165398192.1,0
2026-08-24 12:00:00+00:00,78443.65,80000,77851.9,79100.01,12055.74657,2026-08-24 15:59:59.999000+00:00,954105947.7,2256737,6130.2153,485130828.1,0
2026-08-24 16:00:00+00:00,79100.01,79877.87,78468.61,78758,5362.11449,2026-08-24 19:59:59.999000+00:00,423708111.2,1289063,2604.67163,205822754.5,0
2026-08-24 20:00:00+00:00,78757.99,79049.4,78560,78992.75,1712.17604,2026-08-24 23:59:59.999000+00:00,135011596.4,444125,923.8236,72852818.93,0
2026-08-25 00:00:00+00:00,78992.76,81272.62,78715.63,80488.01,6875.1249,2026-08-25 03:59:59.999000+00:00,552000217.1,1567814,3726.91106,299212561.7,0
2026-08-25 04:00:00+00:00,80488.01,80923.69,79369.17,79705.79,3945.93467,2026-08-25 07:59:59.999000+00:00,317316928.6,860532,2061.28356,165811952,0
2026-08-25 08:00:00+00:00,79705.79,80249,78888,79117.99,3717.84169,2026-08-25 11:59:59.999000+00:00,295648536.1,921083,1724.8091,137161733.5,0
2026-08-25 12:00:00+00:00,79118,79527.09,78120.74,79502.01,4751.6108,2026-08-25 15:59:59.999000+00:00,375123227.1,1483533,2322.8295,183485659.2,0
2026-08-25 16:00:00+00:00,79502.01,79563.71,78728.35,78925.95,2595.83028,2026-08-25 19:59:59.999000+00:00,205368523.1,649705,1429.56287,113087832.5,0
2026-08-25 20:00:00+00:00,78925.96,79000,77851,78539.14,2886.1716,2026-08-25 23:59:59.999000+00:00,226713098.3,877535,1368.03645,107534436,0
2026-08-26 00:00:00+00:00,78539.13,79251.6,78312,79088.62,2212.08248,2026-08-26 03:59:59.999000+00:00,174349498.6,675988,1309.61907,103237458.4,0
2026-08-26 04:00:00+00:00,79088.61,79206,78638,78925.56,1973.77004,2026-08-26 07:59:59.999000+00:00,155873393.6,570851,1080.64177,85340999.45,0
2026-08-26 08:00:00+00:00,78925.57,79119.37,78244.83,78487.26,2329.51988,2026-08-26 11:59:59.999000+00:00,183326671.6,658841,912.46993,71788035.37,0
2026-08-26 12:00:00+00:00,78487.26,78713.79,77632.58,78011.65,3729.56026,2026-08-26 15:59:59.999000+00:00,291557221.1,1189541,1697.72292,132762128.2,0
2026-08-26 16:00:00+00:00,78011.64,78650.26,77858,78475.49,1989.76733,2026-08-26 19:59:59.999000+00:00,155798970.8,562882,1056.2697,82707473.82,0
2026-08-26 20:00:00+00:00,78475.49,79174.12,78200,79023.75,2379.05888,2026-08-26 23:59:59.999000+00:00,187330300.3,626424,1242.54885,97830388.86,0
2026-08-27 00:00:00+00:00,79023.75,79028.49,78546.13,78830.68,1834.8573,2026-08-27 03:59:59.999000+00:00,144579435.8,551359,713.91341,56270787.53,0
2026-08-27 04:00:00+00:00,78830.68,79095.99,78600,79082.17,1224.03365,2026-08-27 07:59:59.999000+00:00,96432095.28,384940,526.34142,41468166.61,0
2026-08-27 08:00:00+00:00,79082.18,80520,79048,79477.67,4143.28822,2026-08-27 11:59:59.999000+00:00,330549396,1124274,1951.16237,155657056.9,0
2026-08-27 12:00:00+00:00,79477.66,80799.91,78920,80302.32,4528.8285,2026-08-27 15:59:59.999000+00:00,361694413.3,1596713,2095.16731,167379875.8,0
2026-08-27 16:00:00+00:00,80302.32,80848.74,79749.7,79910.19,3109.17529,2026-08-27 19:59:59.999000+00:00,249832874.3,874564,1357.47381,109071359,0
2026-08-27 20:00:00+00:00,79910.19,80432.36,79882.86,80249.58,1425.35399,2026-08-27 23:59:59.999000+00:00,114282160.9,400435,714.44215,57286832.93,0
2026-08-28 00:00:00+00:00,80249.59,81478.87,79723.02,79810.49,3700.54747,2026-08-28 03:59:59.999000+00:00,297709415,914119,1879.01365,151245786.8,0
2026-08-28 04:00:00+00:00,79810.48,79999,79558.11,79660,2266.68768,2026-08-28 07:59:59.999000+00:00,180738434,520403,902.27172,71965816.32,0
2026-08-28 08:00:00+00:00,79660,79840,79001.01,79604.13,2010.80327,2026-08-28 11:59:59.999000+00:00,159814037.5,470492,960.1294,76310569.29,0
2026-08-28 12:00:00+00:00,79604.12,79838.73,78312.64,78331.13,5428.42383,2026-08-28 15:59:59.999000+00:00,429508059.5,1268891,2625.72391,207885000.4,0
2026-08-28 16:00:00+00:00,78331.13,78404,76888,77580.03,4754.79211,2026-08-28 19:59:59.999000+00:00,369396365.5,1270567,2167.33305,168390166.6,0
2026-08-28 20:00:00+00:00,77580.03,77846.72,77255.69,77845.87,1595.1821,2026-08-28 23:59:59.999000+00:00,123761290.8,377685,765.93798,59431099.87,0
2026-08-29 00:00:00+00:00,77845.88,77963.92,77507.16,77507.17,1163.39213,2026-08-29 03:59:59.999000+00:00,90418050.36,329709,548.2997,42618872.02,0
2026-08-29 04:00:00+00:00,77507.17,77716.12,77382.37,77626.01,1664.15625,2026-08-29 07:59:59.999000+00:00,129119474.5,280807,827.17018,64179135.2,0
2026-08-29 08:00:00+00:00,77626.01,77754.23,77487.73,77584.67,991.9736,2026-08-29 11:59:59.999000+00:00,76998162.12,192187,533.83679,41433015.43,0
2026-08-29 12:00:00+00:00,77584.66,78150,77506.63,77865.36,1283.2584,2026-08-29 15:59:59.999000+00:00,99813325.99,276535,745.88598,58018508.34,0
2026-08-29 16:00:00+00:00,77865.36,78330,77858.29,78182,1024.87084,2026-08-29 19:59:59.999000+00:00,80033032.82,279595,526.08425,41083628.36,0
2026-08-29 20:00:00+00:00,78181.99,78298,78062,78230,888.65135,2026-08-29 23:59:59.999000+00:00,69485939.08,161053,413.61973,32343014.52,0
2026-08-30 00:00:00+00:00,78230,78330,77994.02,78144.68,816.30414,2026-08-30 03:59:59.999000+00:00,63775145.17,209501,429.00582,33517878.65,0
2026-08-30 04:00:00+00:00,78144.68,78310.71,77990,78118,723.01311,2026-08-30 07:59:59.999000+00:00,56509774.45,132881,387.35056,30277320.22,0
2026-08-30 08:00:00+00:00,78118,78242,77962.49,78166,649.28997,2026-08-30 11:59:59.999000+00:00,50708621.3,170923,298.03429,23276522.44,0
